account_id,company_name,subregion,segment,estimated_arr,current_rep,current_rep_segment,recommended_rep,recommended_segment,reason
517,Schwartz-Stewart,SEA,Enterprise,1992100.0,Michael Roberts,SMB,Haley Green,Enterprise,"Enterprise account ($1,992,100 ARR) assigned to SMB rep"
510,Valenzuela and Sons,SEA,Enterprise,1976600.0,Michael Roberts,SMB,Michael Lynch,Enterprise,"Enterprise account ($1,976,600 ARR) assigned to SMB rep"
209,"King, Anderson and Mccarty",SEA,Enterprise,1972800.0,Michael Roberts,SMB,Michael Lynch,Enterprise,"Enterprise account ($1,972,800 ARR) assigned to SMB rep"
436,"Alexander, Walton and Peterson",SEA,Enterprise,1969500.0,Sara Ross,SMB,Michael Lynch,Enterprise,"Enterprise account ($1,969,500 ARR) assigned to SMB rep"
572,Bell-Hernandez,SEA,Enterprise,1967000.0,Michael Roberts,SMB,Michael Lynch,Enterprise,"Enterprise account ($1,967,000 ARR) assigned to SMB rep"
303,"Chambers, Rivera and Chapman",SEA,Enterprise,1962400.0,Sara Ross,SMB,Haley Green,Enterprise,"Enterprise account ($1,962,400 ARR) assigned to SMB rep"
334,Martin and Sons,SEA,Enterprise,1954200.0,Lauren Butler,SMB,Haley Green,Enterprise,"Enterprise account ($1,954,200 ARR) assigned to SMB rep"
1046,Banks Inc,Greater China,Enterprise,1936800.0,Kayla Green,SMB,Bill Sullivan DVM,Enterprise,"Enterprise account ($1,936,800 ARR) assigned to SMB rep"
283,Black Ltd,SEA,Enterprise,1933700.0,Lauren Butler,SMB,Haley Green,Enterprise,"Enterprise account ($1,933,700 ARR) assigned to SMB rep"
760,Rowland-Schwartz,Greater China,Enterprise,1931700.0,Anthony Mccarty,SMB,Bill Sullivan DVM,Enterprise,"Enterprise account ($1,931,700 ARR) assigned to SMB rep"
421,"Maynard, Conner and Wheeler",SEA,Enterprise,1919600.0,Michael Roberts,SMB,Michael Lynch,Enterprise,"Enterprise account ($1,919,600 ARR) assigned to SMB rep"
75,"Howard, Miller and Harris",SEA,Enterprise,1918500.0,Lauren Butler,SMB,Michael Lynch,Enterprise,"Enterprise account ($1,918,500 ARR) assigned to SMB rep"
1753,Holt-Brown,India,Enterprise,1906700.0,Alison Jefferson,SMB,Jackson Alvarez,Regional Overlay,"Enterprise account ($1,906,700 ARR) assigned to SMB rep"
1741,Lopez-Robinson,India,Enterprise,1905000.0,Cameron Graham,SMB,Gabriel Good,Regional Overlay,"Enterprise account ($1,905,000 ARR) assigned to SMB rep"
1635,Williams Ltd,India,Enterprise,1904600.0,Stephanie Johnson,SMB,Gabriel Good,Regional Overlay,"Enterprise account ($1,904,600 ARR) assigned to SMB rep"
1068,Moreno PLC,Greater China,Enterprise,1901400.0,Anthony Mccarty,SMB,Bill Sullivan DVM,Enterprise,"Enterprise account ($1,901,400 ARR) assigned to SMB rep"
1011,Stevens-Mcclain,Greater China,Enterprise,1893800.0,Arthur Miller,SMB,Bill Sullivan DVM,Enterprise,"Enterprise account ($1,893,800 ARR) assigned to SMB rep"
601,Sullivan Ltd,Greater China,Enterprise,1893600.0,Kayla Green,SMB,Bill Sullivan DVM,Enterprise,"Enterprise account ($1,893,600 ARR) assigned to SMB rep"
989,Williams-Lee,Greater China,Enterprise,1889700.0,Anthony Mccarty,SMB,Bill Sullivan DVM,Enterprise,"Enterprise account ($1,889,700 ARR) assigned to SMB rep"
40,Castillo Group,SEA,Enterprise,1887500.0,Lauren Butler,SMB,Michael Lynch,Enterprise,"Enterprise account ($1,887,500 ARR) assigned to SMB rep"
847,"Nichols, Wheeler and Church",Greater China,Enterprise,1882600.0,Kayla Green,SMB,Bill Sullivan DVM,Enterprise,"Enterprise account ($1,882,600 ARR) assigned to SMB rep"
1544,Cole-Fowler,India,Enterprise,1881800.0,Cameron Graham,SMB,Jackson Alvarez,Regional Overlay,"Enterprise account ($1,881,800 ARR) assigned to SMB rep"
629,Watson LLC,Greater China,Enterprise,1878700.0,Anthony Mccarty,SMB,Bill Sullivan DVM,Enterprise,"Enterprise account ($1,878,700 ARR) assigned to SMB rep"
1016,Long Ltd,Greater China,Enterprise,1871800.0,Anthony Mccarty,SMB,Bill Sullivan DVM,Enterprise,"Enterprise account ($1,871,800 ARR) assigned to SMB rep"
726,Lee Inc,Greater China,Enterprise,1871800.0,Kayla Green,SMB,Bill Sullivan DVM,Enterprise,"Enterprise account ($1,871,800 ARR) assigned to SMB rep"
518,Edwards-Ryan,SEA,Enterprise,1856900.0,Sara Ross,SMB,Michael Lynch,Enterprise,"Enterprise account ($1,856,900 ARR) assigned to SMB rep"
871,"Golden, Wheeler and Mccann",Greater China,Enterprise,1845100.0,Anthony Mccarty,SMB,Bill Sullivan DVM,Enterprise,"Enterprise account ($1,845,100 ARR) assigned to SMB rep"
738,"Marsh, Wise and Zamora",Greater China,Enterprise,1842000.0,Arthur Miller,SMB,Bill Sullivan DVM,Enterprise,"Enterprise account ($1,842,000 ARR) assigned to SMB rep"
1542,"Bennett, Rivera and Willis",India,Enterprise,1838000.0,Stephanie Johnson,SMB,Gabriel Good,Regional Overlay,"Enterprise account ($1,838,000 ARR) assigned to SMB rep"
923,Martinez-Taylor,Greater China,Enterprise,1812200.0,Arthur Miller,SMB,Bill Sullivan DVM,Enterprise,"Enterprise account ($1,812,200 ARR) assigned to SMB rep"
606,Kemp-Wilson,Greater China,Enterprise,1802600.0,Kayla Green,SMB,Bill Sullivan DVM,Enterprise,"Enterprise account ($1,802,600 ARR) assigned to SMB rep"
1665,Johnson-Duffy,India,Enterprise,1801500.0,Alison Jefferson,SMB,Gabriel Good,Regional Overlay,"Enterprise account ($1,801,500 ARR) assigned to SMB rep"
705,Hahn-Phillips,Greater China,Enterprise,1794900.0,Anthony Mccarty,SMB,Bill Sullivan DVM,Enterprise,"Enterprise account ($1,794,900 ARR) assigned to SMB rep"
916,Robertson PLC,Greater China,Enterprise,1780000.0,Arthur Miller,SMB,Bill Sullivan DVM,Enterprise,"Enterprise account ($1,780,000 ARR) assigned to SMB rep"
788,"Lawson, Ramirez and Payne",Greater China,Enterprise,1775800.0,Anthony Mccarty,SMB,Bill Sullivan DVM,Enterprise,"Enterprise account ($1,775,800 ARR) assigned to SMB rep"
660,"Ramirez, Sparks and Mann",Greater China,Enterprise,1769500.0,Arthur Miller,SMB,Bill Sullivan DVM,Enterprise,"Enterprise account ($1,769,500 ARR) assigned to SMB rep"
983,Scott LLC,Greater China,Enterprise,1767600.0,Arthur Miller,SMB,Bill Sullivan DVM,Enterprise,"Enterprise account ($1,767,600 ARR) assigned to SMB rep"
888,Wall-Keller,Greater China,Enterprise,1755700.0,Kayla Green,SMB,Bill Sullivan DVM,Enterprise,"Enterprise account ($1,755,700 ARR) assigned to SMB rep"
992,"Goodman, Meza and Foster",Greater China,Enterprise,1750900.0,Arthur Miller,SMB,Bill Sullivan DVM,Enterprise,"Enterprise account ($1,750,900 ARR) assigned to SMB rep"
140,Gaines-Turner,SEA,Enterprise,1743300.0,Lauren Butler,SMB,Haley Green,Enterprise,"Enterprise account ($1,743,300 ARR) assigned to SMB rep"
32,Huff-Zavala,SEA,Enterprise,1735200.0,Michael Roberts,SMB,Haley Green,Enterprise,"Enterprise account ($1,735,200 ARR) assigned to SMB rep"
545,Charles Inc,SEA,Enterprise,1727600.0,Michael Roberts,SMB,Haley Green,Enterprise,"Enterprise account ($1,727,600 ARR) assigned to SMB rep"
498,Blankenship PLC,SEA,Enterprise,1718900.0,Lauren Butler,SMB,Haley Green,Enterprise,"Enterprise account ($1,718,900 ARR) assigned to SMB rep"
551,Harmon-Morris,SEA,Enterprise,1717900.0,Michael Roberts,SMB,Michael Lynch,Enterprise,"Enterprise account ($1,717,900 ARR) assigned to SMB rep"
90,"Jackson, Brooks and Williams",SEA,Enterprise,1703800.0,Lauren Butler,SMB,Haley Green,Enterprise,"Enterprise account ($1,703,800 ARR) assigned to SMB rep"
999,"Trujillo, Sims and Clark",Greater China,Enterprise,1703600.0,Anthony Mccarty,SMB,Bill Sullivan DVM,Enterprise,"Enterprise account ($1,703,600 ARR) assigned to SMB rep"
641,"Small, Harris and Ray",Greater China,Enterprise,1686900.0,Anthony Mccarty,SMB,Bill Sullivan DVM,Enterprise,"Enterprise account ($1,686,900 ARR) assigned to SMB rep"
630,Montgomery-Alvarez,Greater China,Enterprise,1685400.0,Arthur Miller,SMB,Bill Sullivan DVM,Enterprise,"Enterprise account ($1,685,400 ARR) assigned to SMB rep"
714,"Jackson, Morris and Mcdonald",Greater China,Enterprise,1684200.0,Kayla Green,SMB,Bill Sullivan DVM,Enterprise,"Enterprise account ($1,684,200 ARR) assigned to SMB rep"
293,"Gordon, Cummings and Allen",SEA,Enterprise,1653500.0,Sara Ross,SMB,Michael Lynch,Enterprise,"Enterprise account ($1,653,500 ARR) assigned to SMB rep"
1070,"Marshall, Stewart and Williams",Greater China,Enterprise,1648400.0,Anthony Mccarty,SMB,Bill Sullivan DVM,Enterprise,"Enterprise account ($1,648,400 ARR) assigned to SMB rep"
673,"Mcdaniel, Anderson and Mcconnell",Greater China,Enterprise,1646400.0,Anthony Mccarty,SMB,Bill Sullivan DVM,Enterprise,"Enterprise account ($1,646,400 ARR) assigned to SMB rep"
447,Payne LLC,SEA,Enterprise,1645400.0,Sara Ross,SMB,Haley Green,Enterprise,"Enterprise account ($1,645,400 ARR) assigned to SMB rep"
1059,"Baird, Hall and Moore",Greater China,Enterprise,1623600.0,Kayla Green,SMB,Bill Sullivan DVM,Enterprise,"Enterprise account ($1,623,600 ARR) assigned to SMB rep"
937,Bell-Cline,Greater China,Enterprise,1622100.0,Anthony Mccarty,SMB,Bill Sullivan DVM,Enterprise,"Enterprise account ($1,622,100 ARR) assigned to SMB rep"
443,Townsend-Hester,SEA,Enterprise,1618400.0,Sara Ross,SMB,Haley Green,Enterprise,"Enterprise account ($1,618,400 ARR) assigned to SMB rep"
1061,Sellers LLC,Greater China,Enterprise,1617900.0,Anthony Mccarty,SMB,Bill Sullivan DVM,Enterprise,"Enterprise account ($1,617,900 ARR) assigned to SMB rep"
1763,Lee-Knox,India,Enterprise,1616000.0,Stephanie Johnson,SMB,Jackson Alvarez,Regional Overlay,"Enterprise account ($1,616,000 ARR) assigned to SMB rep"
267,Martin LLC,SEA,Enterprise,1608300.0,Sara Ross,SMB,Haley Green,Enterprise,"Enterprise account ($1,608,300 ARR) assigned to SMB rep"
576,Wood Inc,SEA,Enterprise,1603300.0,Michael Roberts,SMB,Haley Green,Enterprise,"Enterprise account ($1,603,300 ARR) assigned to SMB rep"
836,Phillips-Reed,Greater China,Enterprise,1598400.0,Kayla Green,SMB,Bill Sullivan DVM,Enterprise,"Enterprise account ($1,598,400 ARR) assigned to SMB rep"
300,Williams-Bell,SEA,Enterprise,1590200.0,Lauren Butler,SMB,Michael Lynch,Enterprise,"Enterprise account ($1,590,200 ARR) assigned to SMB rep"
997,"Neal, Best and Hall",Greater China,Enterprise,1583500.0,Arthur Miller,SMB,Bill Sullivan DVM,Enterprise,"Enterprise account ($1,583,500 ARR) assigned to SMB rep"
956,Diaz Ltd,Greater China,Enterprise,1580300.0,Anthony Mccarty,SMB,Bill Sullivan DVM,Enterprise,"Enterprise account ($1,580,300 ARR) assigned to SMB rep"
690,Adkins-Briggs,Greater China,Enterprise,1574200.0,Arthur Miller,SMB,Bill Sullivan DVM,Enterprise,"Enterprise account ($1,574,200 ARR) assigned to SMB rep"
1048,"Clay, Ashley and Fitzgerald",Greater China,Enterprise,1539900.0,Kayla Green,SMB,Bill Sullivan DVM,Enterprise,"Enterprise account ($1,539,900 ARR) assigned to SMB rep"
890,Martin LLC,Greater China,Enterprise,1537600.0,Arthur Miller,SMB,Bill Sullivan DVM,Enterprise,"Enterprise account ($1,537,600 ARR) assigned to SMB rep"
308,Riggs-Stevens,SEA,Enterprise,1530200.0,Michael Roberts,SMB,Haley Green,Enterprise,"Enterprise account ($1,530,200 ARR) assigned to SMB rep"
363,Martinez PLC,SEA,Enterprise,1527800.0,Michael Roberts,SMB,Michael Lynch,Enterprise,"Enterprise account ($1,527,800 ARR) assigned to SMB rep"
535,"Smith, Foster and Phillips",SEA,Enterprise,1522700.0,Sara Ross,SMB,Michael Lynch,Enterprise,"Enterprise account ($1,522,700 ARR) assigned to SMB rep"
1053,Martin LLC,Greater China,Enterprise,1501600.0,Arthur Miller,SMB,Bill Sullivan DVM,Enterprise,"Enterprise account ($1,501,600 ARR) assigned to SMB rep"
419,"Bryant, Jackson and Schultz",SEA,Enterprise,1499500.0,Lauren Butler,SMB,Haley Green,Enterprise,"Enterprise account ($1,499,500 ARR) assigned to SMB rep"
795,Guerrero-Parker,Greater China,Enterprise,1497600.0,Kayla Green,SMB,Bill Sullivan DVM,Enterprise,"Enterprise account ($1,497,600 ARR) assigned to SMB rep"
558,Fischer Ltd,SEA,Enterprise,1492700.0,Lauren Butler,SMB,Haley Green,Enterprise,"Enterprise account ($1,492,700 ARR) assigned to SMB rep"
490,Cox-Patrick,SEA,Enterprise,1483100.0,Lauren Butler,SMB,Haley Green,Enterprise,"Enterprise account ($1,483,100 ARR) assigned to SMB rep"
766,"Hughes, Smith and Jones",Greater China,Enterprise,1474700.0,Anthony Mccarty,SMB,Bill Sullivan DVM,Enterprise,"Enterprise account ($1,474,700 ARR) assigned to SMB rep"
1538,Wilson and Sons,India,Enterprise,1472100.0,Cameron Graham,SMB,Gabriel Good,Regional Overlay,"Enterprise account ($1,472,100 ARR) assigned to SMB rep"
403,Leon-Baker,SEA,Enterprise,1458300.0,Lauren Butler,SMB,Haley Green,Enterprise,"Enterprise account ($1,458,300 ARR) assigned to SMB rep"
291,Bolton-Kemp,SEA,Enterprise,1458000.0,Lauren Butler,SMB,Michael Lynch,Enterprise,"Enterprise account ($1,458,000 ARR) assigned to SMB rep"
532,Combs Inc,SEA,Enterprise,1457300.0,Sara Ross,SMB,Haley Green,Enterprise,"Enterprise account ($1,457,300 ARR) assigned to SMB rep"
930,Nguyen Group,Greater China,Enterprise,1454600.0,Anthony Mccarty,SMB,Bill Sullivan DVM,Enterprise,"Enterprise account ($1,454,600 ARR) assigned to SMB rep"
474,Evans Group,SEA,Enterprise,1452400.0,Lauren Butler,SMB,Michael Lynch,Enterprise,"Enterprise account ($1,452,400 ARR) assigned to SMB rep"
627,Snyder PLC,Greater China,Enterprise,1448000.0,Arthur Miller,SMB,Bill Sullivan DVM,Enterprise,"Enterprise account ($1,448,000 ARR) assigned to SMB rep"
1023,Clark LLC,Greater China,Enterprise,1441100.0,Anthony Mccarty,SMB,Bill Sullivan DVM,Enterprise,"Enterprise account ($1,441,100 ARR) assigned to SMB rep"
534,Hayes and Sons,SEA,Enterprise,1437200.0,Lauren Butler,SMB,Haley Green,Enterprise,"Enterprise account ($1,437,200 ARR) assigned to SMB rep"
417,Carter-Washington,SEA,Enterprise,1429700.0,Lauren Butler,SMB,Haley Green,Enterprise,"Enterprise account ($1,429,700 ARR) assigned to SMB rep"
842,"Esparza, Cole and Smith",Greater China,Enterprise,1418300.0,Arthur Miller,SMB,Bill Sullivan DVM,Enterprise,"Enterprise account ($1,418,300 ARR) assigned to SMB rep"
1581,Parsons Inc,India,Enterprise,1416300.0,Alison Jefferson,SMB,Jackson Alvarez,Regional Overlay,"Enterprise account ($1,416,300 ARR) assigned to SMB rep"
530,Black-Snyder,SEA,Enterprise,1410900.0,Michael Roberts,SMB,Haley Green,Enterprise,"Enterprise account ($1,410,900 ARR) assigned to SMB rep"
359,"Orr, Li and Liu",SEA,Enterprise,1400800.0,Michael Roberts,SMB,Haley Green,Enterprise,"Enterprise account ($1,400,800 ARR) assigned to SMB rep"
1726,Fox Group,India,Enterprise,1376700.0,Cameron Graham,SMB,Jackson Alvarez,Regional Overlay,"Enterprise account ($1,376,700 ARR) assigned to SMB rep"
496,"Miller, Yates and Richards",SEA,Enterprise,1374800.0,Michael Roberts,SMB,Haley Green,Enterprise,"Enterprise account ($1,374,800 ARR) assigned to SMB rep"
975,"Nichols, Watson and Richardson",Greater China,Enterprise,1348700.0,Kayla Green,SMB,Bill Sullivan DVM,Enterprise,"Enterprise account ($1,348,700 ARR) assigned to SMB rep"
868,Swanson PLC,Greater China,Enterprise,1347600.0,Anthony Mccarty,SMB,Bill Sullivan DVM,Enterprise,"Enterprise account ($1,347,600 ARR) assigned to SMB rep"
964,Martin PLC,Greater China,Enterprise,1344000.0,Arthur Miller,SMB,Bill Sullivan DVM,Enterprise,"Enterprise account ($1,344,000 ARR) assigned to SMB rep"
455,Norris-Saunders,SEA,Enterprise,1324000.0,Lauren Butler,SMB,Haley Green,Enterprise,"Enterprise account ($1,324,000 ARR) assigned to SMB rep"
539,Harvey-Hunt,SEA,Enterprise,1322600.0,Michael Roberts,SMB,Michael Lynch,Enterprise,"Enterprise account ($1,322,600 ARR) assigned to SMB rep"
737,Ross-Hudson,Greater China,Enterprise,1321800.0,Arthur Miller,SMB,Bill Sullivan DVM,Enterprise,"Enterprise account ($1,321,800 ARR) assigned to SMB rep"
990,"Vazquez, Alexander and Shelton",Greater China,Enterprise,1310200.0,Kayla Green,SMB,Bill Sullivan DVM,Enterprise,"Enterprise account ($1,310,200 ARR) assigned to SMB rep"
1646,Frazier Group,India,Enterprise,1277000.0,Cameron Graham,SMB,Gabriel Good,Regional Overlay,"Enterprise account ($1,277,000 ARR) assigned to SMB rep"
1021,Lewis and Sons,Greater China,Enterprise,1274900.0,Anthony Mccarty,SMB,Bill Sullivan DVM,Enterprise,"Enterprise account ($1,274,900 ARR) assigned to SMB rep"
1656,Lopez and Sons,India,Enterprise,1274100.0,Alison Jefferson,SMB,Jackson Alvarez,Regional Overlay,"Enterprise account ($1,274,100 ARR) assigned to SMB rep"
985,Austin PLC,Greater China,Enterprise,1265700.0,Anthony Mccarty,SMB,Bill Sullivan DVM,Enterprise,"Enterprise account ($1,265,700 ARR) assigned to SMB rep"
893,Daniels-English,Greater China,Enterprise,1265200.0,Arthur Miller,SMB,Bill Sullivan DVM,Enterprise,"Enterprise account ($1,265,200 ARR) assigned to SMB rep"
824,Mcdonald Inc,Greater China,Enterprise,1261700.0,Kayla Green,SMB,Bill Sullivan DVM,Enterprise,"Enterprise account ($1,261,700 ARR) assigned to SMB rep"
637,"Hobbs, Reyes and Bryant",Greater China,Enterprise,1256100.0,Anthony Mccarty,SMB,Bill Sullivan DVM,Enterprise,"Enterprise account ($1,256,100 ARR) assigned to SMB rep"
420,Nguyen and Sons,SEA,Enterprise,1250200.0,Michael Roberts,SMB,Michael Lynch,Enterprise,"Enterprise account ($1,250,200 ARR) assigned to SMB rep"
1036,"Fitzpatrick, Miller and Johnson",Greater China,Enterprise,1244800.0,Anthony Mccarty,SMB,Bill Sullivan DVM,Enterprise,"Enterprise account ($1,244,800 ARR) assigned to SMB rep"
86,Dyer Ltd,SEA,Enterprise,1240400.0,Sara Ross,SMB,Haley Green,Enterprise,"Enterprise account ($1,240,400 ARR) assigned to SMB rep"
1079,Jones Ltd,Greater China,Enterprise,1239800.0,Arthur Miller,SMB,Bill Sullivan DVM,Enterprise,"Enterprise account ($1,239,800 ARR) assigned to SMB rep"
569,"Thomas, Hall and Nunez",SEA,Enterprise,1212800.0,Michael Roberts,SMB,Michael Lynch,Enterprise,"Enterprise account ($1,212,800 ARR) assigned to SMB rep"
555,Long Ltd,SEA,Enterprise,1208700.0,Michael Roberts,SMB,Haley Green,Enterprise,"Enterprise account ($1,208,700 ARR) assigned to SMB rep"
467,Hensley LLC,SEA,Enterprise,1195200.0,Michael Roberts,SMB,Haley Green,Enterprise,"Enterprise account ($1,195,200 ARR) assigned to SMB rep"
1076,Hernandez Ltd,Greater China,Enterprise,1194900.0,Arthur Miller,SMB,Bill Sullivan DVM,Enterprise,"Enterprise account ($1,194,900 ARR) assigned to SMB rep"
857,Hensley PLC,Greater China,Enterprise,1189000.0,Anthony Mccarty,SMB,Bill Sullivan DVM,Enterprise,"Enterprise account ($1,189,000 ARR) assigned to SMB rep"
976,Roy and Sons,Greater China,Enterprise,1182300.0,Kayla Green,SMB,Bill Sullivan DVM,Enterprise,"Enterprise account ($1,182,300 ARR) assigned to SMB rep"
676,Marquez-Johnson,Greater China,Enterprise,1180900.0,Kayla Green,SMB,Bill Sullivan DVM,Enterprise,"Enterprise account ($1,180,900 ARR) assigned to SMB rep"
703,Moore-Sanders,Greater China,Enterprise,1180400.0,Kayla Green,SMB,Bill Sullivan DVM,Enterprise,"Enterprise account ($1,180,400 ARR) assigned to SMB rep"
1050,"Taylor, Bell and Barnett",Greater China,Enterprise,1174500.0,Kayla Green,SMB,Bill Sullivan DVM,Enterprise,"Enterprise account ($1,174,500 ARR) assigned to SMB rep"
370,"Mckee, Bauer and Le",SEA,Enterprise,1173500.0,Sara Ross,SMB,Haley Green,Enterprise,"Enterprise account ($1,173,500 ARR) assigned to SMB rep"
427,Snow-Mullen,SEA,Enterprise,1159600.0,Lauren Butler,SMB,Michael Lynch,Enterprise,"Enterprise account ($1,159,600 ARR) assigned to SMB rep"
640,Miller Group,Greater China,Enterprise,1153900.0,Anthony Mccarty,SMB,Bill Sullivan DVM,Enterprise,"Enterprise account ($1,153,900 ARR) assigned to SMB rep"
1067,"Barrera, Conner and Lopez",Greater China,Enterprise,1153300.0,Anthony Mccarty,SMB,Bill Sullivan DVM,Enterprise,"Enterprise account ($1,153,300 ARR) assigned to SMB rep"
1761,Warren Group,India,Enterprise,1146500.0,Alison Jefferson,SMB,Gabriel Good,Regional Overlay,"Enterprise account ($1,146,500 ARR) assigned to SMB rep"
18,Boyd-Bauer,SEA,Enterprise,1138400.0,Michael Roberts,SMB,Michael Lynch,Enterprise,"Enterprise account ($1,138,400 ARR) assigned to SMB rep"
996,"Carter, Campbell and Rodriguez",Greater China,Enterprise,1136100.0,Arthur Miller,SMB,Bill Sullivan DVM,Enterprise,"Enterprise account ($1,136,100 ARR) assigned to SMB rep"
680,Johnson Inc,Greater China,Enterprise,1122200.0,Anthony Mccarty,SMB,Bill Sullivan DVM,Enterprise,"Enterprise account ($1,122,200 ARR) assigned to SMB rep"
228,Bell-Casey,SEA,Enterprise,1118400.0,Michael Roberts,SMB,Michael Lynch,Enterprise,"Enterprise account ($1,118,400 ARR) assigned to SMB rep"
1005,Cisneros and Sons,Greater China,Enterprise,1114800.0,Arthur Miller,SMB,Bill Sullivan DVM,Enterprise,"Enterprise account ($1,114,800 ARR) assigned to SMB rep"
853,Richardson and Sons,Greater China,Enterprise,1101400.0,Kayla Green,SMB,Bill Sullivan DVM,Enterprise,"Enterprise account ($1,101,400 ARR) assigned to SMB rep"
934,Beasley Ltd,Greater China,Enterprise,1089200.0,Kayla Green,SMB,Bill Sullivan DVM,Enterprise,"Enterprise account ($1,089,200 ARR) assigned to SMB rep"
656,"Patterson, Burke and Perez",Greater China,Enterprise,1083900.0,Anthony Mccarty,SMB,Bill Sullivan DVM,Enterprise,"Enterprise account ($1,083,900 ARR) assigned to SMB rep"
665,"Clark, Taylor and Thompson",Greater China,Enterprise,1078100.0,Arthur Miller,SMB,Bill Sullivan DVM,Enterprise,"Enterprise account ($1,078,100 ARR) assigned to SMB rep"
1747,"Hughes, Medina and Daugherty",India,Enterprise,1076000.0,Cameron Graham,SMB,Jackson Alvarez,Regional Overlay,"Enterprise account ($1,076,000 ARR) assigned to SMB rep"
445,Mullen and Sons,SEA,Enterprise,1075400.0,Michael Roberts,SMB,Michael Lynch,Enterprise,"Enterprise account ($1,075,400 ARR) assigned to SMB rep"
470,Poole and Sons,SEA,Enterprise,1074200.0,Sara Ross,SMB,Haley Green,Enterprise,"Enterprise account ($1,074,200 ARR) assigned to SMB rep"
1052,Johns and Sons,Greater China,Enterprise,1071200.0,Kayla Green,SMB,Bill Sullivan DVM,Enterprise,"Enterprise account ($1,071,200 ARR) assigned to SMB rep"
668,"Oneal, Gordon and Wyatt",Greater China,Enterprise,1067600.0,Arthur Miller,SMB,Bill Sullivan DVM,Enterprise,"Enterprise account ($1,067,600 ARR) assigned to SMB rep"
118,Valdez LLC,SEA,Enterprise,1058500.0,Sara Ross,SMB,Haley Green,Enterprise,"Enterprise account ($1,058,500 ARR) assigned to SMB rep"
787,"Simpson, Blackwell and Smith",Greater China,Enterprise,1053900.0,Anthony Mccarty,SMB,Bill Sullivan DVM,Enterprise,"Enterprise account ($1,053,900 ARR) assigned to SMB rep"
897,Duncan Group,Greater China,Enterprise,1051300.0,Kayla Green,SMB,Bill Sullivan DVM,Enterprise,"Enterprise account ($1,051,300 ARR) assigned to SMB rep"
807,Benton-Miles,Greater China,Enterprise,1042700.0,Arthur Miller,SMB,Bill Sullivan DVM,Enterprise,"Enterprise account ($1,042,700 ARR) assigned to SMB rep"
554,"Perkins, Kaufman and Harrell",SEA,Enterprise,1042500.0,Lauren Butler,SMB,Haley Green,Enterprise,"Enterprise account ($1,042,500 ARR) assigned to SMB rep"
238,Carrillo Inc,SEA,Enterprise,1041100.0,Michael Roberts,SMB,Michael Lynch,Enterprise,"Enterprise account ($1,041,100 ARR) assigned to SMB rep"
70,"Salas, Weiss and Smith",SEA,Enterprise,1037600.0,Sara Ross,SMB,Michael Lynch,Enterprise,"Enterprise account ($1,037,600 ARR) assigned to SMB rep"
1072,Lopez-Harris,Greater China,Enterprise,1030800.0,Anthony Mccarty,SMB,Bill Sullivan DVM,Enterprise,"Enterprise account ($1,030,800 ARR) assigned to SMB rep"
1758,"Cordova, Smith and Wilson",India,Enterprise,1030200.0,Cameron Graham,SMB,Gabriel Good,Regional Overlay,"Enterprise account ($1,030,200 ARR) assigned to SMB rep"
486,Banks Group,SEA,Enterprise,1025400.0,Michael Roberts,SMB,Michael Lynch,Enterprise,"Enterprise account ($1,025,400 ARR) assigned to SMB rep"
910,Williams Group,Greater China,Enterprise,1023700.0,Anthony Mccarty,SMB,Bill Sullivan DVM,Enterprise,"Enterprise account ($1,023,700 ARR) assigned to SMB rep"
380,Smith LLC,SEA,Enterprise,1022400.0,Michael Roberts,SMB,Michael Lynch,Enterprise,"Enterprise account ($1,022,400 ARR) assigned to SMB rep"
360,Matthews-Anderson,SEA,Enterprise,1003300.0,Sara Ross,SMB,Haley Green,Enterprise,"Enterprise account ($1,003,300 ARR) assigned to SMB rep"
168,"Hooper, Lozano and Nelson",SEA,Enterprise,1002600.0,Michael Roberts,SMB,Michael Lynch,Enterprise,"Enterprise account ($1,002,600 ARR) assigned to SMB rep"
1676,Smith and Sons,India,Enterprise,988000.0,Cameron Graham,SMB,Gabriel Good,Regional Overlay,"Enterprise account ($988,000 ARR) assigned to SMB rep"
305,Taylor Inc,SEA,Enterprise,983700.0,Sara Ross,SMB,Haley Green,Enterprise,"Enterprise account ($983,700 ARR) assigned to SMB rep"
553,Stevens-Thomas,SEA,Enterprise,982700.0,Lauren Butler,SMB,Michael Lynch,Enterprise,"Enterprise account ($982,700 ARR) assigned to SMB rep"
829,White and Sons,Greater China,Enterprise,972700.0,Kayla Green,SMB,Bill Sullivan DVM,Enterprise,"Enterprise account ($972,700 ARR) assigned to SMB rep"
885,Gonzales PLC,Greater China,Enterprise,961600.0,Arthur Miller,SMB,Bill Sullivan DVM,Enterprise,"Enterprise account ($961,600 ARR) assigned to SMB rep"
102,"Hale, Lewis and Gutierrez",SEA,Enterprise,951200.0,Sara Ross,SMB,Haley Green,Enterprise,"Enterprise account ($951,200 ARR) assigned to SMB rep"
408,"Mendoza, Johnson and Robinson",SEA,Enterprise,946500.0,Sara Ross,SMB,Michael Lynch,Enterprise,"Enterprise account ($946,500 ARR) assigned to SMB rep"
390,Duran-Smith,SEA,Enterprise,946000.0,Lauren Butler,SMB,Michael Lynch,Enterprise,"Enterprise account ($946,000 ARR) assigned to SMB rep"
353,Conley-Rogers,SEA,Enterprise,937600.0,Sara Ross,SMB,Haley Green,Enterprise,"Enterprise account ($937,600 ARR) assigned to SMB rep"
1006,Ware-Carney,Greater China,Enterprise,918600.0,Arthur Miller,SMB,Bill Sullivan DVM,Enterprise,"Enterprise account ($918,600 ARR) assigned to SMB rep"
1027,"Jackson, Lee and Francis",Greater China,Enterprise,917400.0,Kayla Green,SMB,Bill Sullivan DVM,Enterprise,"Enterprise account ($917,400 ARR) assigned to SMB rep"
749,Diaz-Wilcox,Greater China,Enterprise,915700.0,Anthony Mccarty,SMB,Bill Sullivan DVM,Enterprise,"Enterprise account ($915,700 ARR) assigned to SMB rep"
132,Jackson LLC,SEA,Enterprise,915000.0,Sara Ross,SMB,Haley Green,Enterprise,"Enterprise account ($915,000 ARR) assigned to SMB rep"
350,Perez PLC,SEA,Enterprise,914800.0,Michael Roberts,SMB,Haley Green,Enterprise,"Enterprise account ($914,800 ARR) assigned to SMB rep"
758,Chang-Henson,Greater China,Enterprise,912700.0,Anthony Mccarty,SMB,Bill Sullivan DVM,Enterprise,"Enterprise account ($912,700 ARR) assigned to SMB rep"
6,Alvarado PLC,SEA,Enterprise,912400.0,Michael Roberts,SMB,Haley Green,Enterprise,"Enterprise account ($912,400 ARR) assigned to SMB rep"
529,Larson PLC,SEA,Enterprise,880400.0,Lauren Butler,SMB,Haley Green,Enterprise,"Enterprise account ($880,400 ARR) assigned to SMB rep"
358,Petersen-Perez,SEA,Enterprise,879200.0,Sara Ross,SMB,Michael Lynch,Enterprise,"Enterprise account ($879,200 ARR) assigned to SMB rep"
1057,Crawford Ltd,Greater China,Enterprise,877900.0,Anthony Mccarty,SMB,Bill Sullivan DVM,Enterprise,"Enterprise account ($877,900 ARR) assigned to SMB rep"
1503,"Armstrong, Walker and Howard",India,Enterprise,876100.0,Cameron Graham,SMB,Gabriel Good,Regional Overlay,"Enterprise account ($876,100 ARR) assigned to SMB rep"
1571,Adams-Brock,India,Enterprise,870100.0,Cameron Graham,SMB,Jackson Alvarez,Regional Overlay,"Enterprise account ($870,100 ARR) assigned to SMB rep"
222,Kelly-Pham,SEA,Enterprise,853400.0,Sara Ross,SMB,Haley Green,Enterprise,"Enterprise account ($853,400 ARR) assigned to SMB rep"
272,Martin-Fox,SEA,Enterprise,849100.0,Michael Roberts,SMB,Haley Green,Enterprise,"Enterprise account ($849,100 ARR) assigned to SMB rep"
776,Reilly-Powers,Greater China,Enterprise,847400.0,Arthur Miller,SMB,Bill Sullivan DVM,Enterprise,"Enterprise account ($847,400 ARR) assigned to SMB rep"
92,"Williams, Ward and Morris",SEA,Enterprise,845600.0,Sara Ross,SMB,Haley Green,Enterprise,"Enterprise account ($845,600 ARR) assigned to SMB rep"
851,"Johnson, Cameron and Sanders",Greater China,Enterprise,845100.0,Anthony Mccarty,SMB,Bill Sullivan DVM,Enterprise,"Enterprise account ($845,100 ARR) assigned to SMB rep"
781,David-Dalton,Greater China,Enterprise,843500.0,Kayla Green,SMB,Bill Sullivan DVM,Enterprise,"Enterprise account ($843,500 ARR) assigned to SMB rep"
1058,"Turner, Myers and Thomas",Greater China,Enterprise,841000.0,Anthony Mccarty,SMB,Bill Sullivan DVM,Enterprise,"Enterprise account ($841,000 ARR) assigned to SMB rep"
526,Henderson-Johnson,SEA,Enterprise,828600.0,Lauren Butler,SMB,Michael Lynch,Enterprise,"Enterprise account ($828,600 ARR) assigned to SMB rep"
1025,Brown and Sons,Greater China,Enterprise,826500.0,Anthony Mccarty,SMB,Bill Sullivan DVM,Enterprise,"Enterprise account ($826,500 ARR) assigned to SMB rep"
340,"Morgan, Travis and Castaneda",SEA,Enterprise,821200.0,Michael Roberts,SMB,Michael Lynch,Enterprise,"Enterprise account ($821,200 ARR) assigned to SMB rep"
875,Gardner-Bass,Greater China,Enterprise,820700.0,Arthur Miller,SMB,Bill Sullivan DVM,Enterprise,"Enterprise account ($820,700 ARR) assigned to SMB rep"
336,"Anderson, Barnes and King",SEA,Enterprise,800300.0,Sara Ross,SMB,Haley Green,Enterprise,"Enterprise account ($800,300 ARR) assigned to SMB rep"
1071,"Taylor, Chandler and Mcdaniel",Greater China,Enterprise,799000.0,Anthony Mccarty,SMB,Bill Sullivan DVM,Enterprise,"Enterprise account ($799,000 ARR) assigned to SMB rep"
808,Stephens and Sons,Greater China,Enterprise,774500.0,Anthony Mccarty,SMB,Bill Sullivan DVM,Enterprise,"Enterprise account ($774,500 ARR) assigned to SMB rep"
516,Johnson Inc,SEA,Enterprise,771900.0,Michael Roberts,SMB,Michael Lynch,Enterprise,"Enterprise account ($771,900 ARR) assigned to SMB rep"
1038,Singleton and Sons,Greater China,Enterprise,770900.0,Anthony Mccarty,SMB,Bill Sullivan DVM,Enterprise,"Enterprise account ($770,900 ARR) assigned to SMB rep"
952,Owens PLC,Greater China,Enterprise,737400.0,Anthony Mccarty,SMB,Bill Sullivan DVM,Enterprise,"Enterprise account ($737,400 ARR) assigned to SMB rep"
415,"Davis, Nunez and Decker",SEA,Enterprise,726000.0,Michael Roberts,SMB,Haley Green,Enterprise,"Enterprise account ($726,000 ARR) assigned to SMB rep"
642,Martin and Sons,Greater China,Enterprise,720900.0,Arthur Miller,SMB,Bill Sullivan DVM,Enterprise,"Enterprise account ($720,900 ARR) assigned to SMB rep"
979,Diaz and Sons,Greater China,Enterprise,698800.0,Arthur Miller,SMB,Bill Sullivan DVM,Enterprise,"Enterprise account ($698,800 ARR) assigned to SMB rep"
699,"Randall, Anderson and Adams",Greater China,Enterprise,697900.0,Arthur Miller,SMB,Bill Sullivan DVM,Enterprise,"Enterprise account ($697,900 ARR) assigned to SMB rep"
835,"Brown, Soto and Clark",Greater China,Enterprise,696900.0,Arthur Miller,SMB,Bill Sullivan DVM,Enterprise,"Enterprise account ($696,900 ARR) assigned to SMB rep"
761,"Hughes, Boone and Kane",Greater China,Enterprise,692900.0,Anthony Mccarty,SMB,Bill Sullivan DVM,Enterprise,"Enterprise account ($692,900 ARR) assigned to SMB rep"
691,"Schroeder, Diaz and Yu",Greater China,Enterprise,688700.0,Kayla Green,SMB,Bill Sullivan DVM,Enterprise,"Enterprise account ($688,700 ARR) assigned to SMB rep"
246,Cook-Daniels,SEA,Enterprise,688600.0,Lauren Butler,SMB,Haley Green,Enterprise,"Enterprise account ($688,600 ARR) assigned to SMB rep"
763,Riddle-Miles,Greater China,Enterprise,678200.0,Arthur Miller,SMB,Bill Sullivan DVM,Enterprise,"Enterprise account ($678,200 ARR) assigned to SMB rep"
762,Lopez LLC,Greater China,Enterprise,666300.0,Kayla Green,SMB,Bill Sullivan DVM,Enterprise,"Enterprise account ($666,300 ARR) assigned to SMB rep"
429,Robles-Pruitt,SEA,Enterprise,664400.0,Sara Ross,SMB,Michael Lynch,Enterprise,"Enterprise account ($664,400 ARR) assigned to SMB rep"
151,Bauer-Jennings,SEA,Enterprise,637400.0,Michael Roberts,SMB,Michael Lynch,Enterprise,"Enterprise account ($637,400 ARR) assigned to SMB rep"
845,Lucas Group,Greater China,Enterprise,632200.0,Anthony Mccarty,SMB,Bill Sullivan DVM,Enterprise,"Enterprise account ($632,200 ARR) assigned to SMB rep"
892,"Martin, Sanders and Faulkner",Greater China,Enterprise,608200.0,Anthony Mccarty,SMB,Bill Sullivan DVM,Enterprise,"Enterprise account ($608,200 ARR) assigned to SMB rep"
650,Stokes-Castro,Greater China,Enterprise,577500.0,Arthur Miller,SMB,Bill Sullivan DVM,Enterprise,"Enterprise account ($577,500 ARR) assigned to SMB rep"
904,"Robinson, Mckinney and Medina",Greater China,Enterprise,531400.0,Anthony Mccarty,SMB,Bill Sullivan DVM,Enterprise,"Enterprise account ($531,400 ARR) assigned to SMB rep"
476,Reyes-Schroeder,SEA,Enterprise,508000.0,Sara Ross,SMB,Haley Green,Enterprise,"Enterprise account ($508,000 ARR) assigned to SMB rep"
786,"Wallace, Fry and Jones",Greater China,Enterprise,500800.0,Anthony Mccarty,SMB,Bill Sullivan DVM,Enterprise,"Enterprise account ($500,800 ARR) assigned to SMB rep"
153,Thomas Inc,SEA,Enterprise,487400.0,Michael Roberts,SMB,Michael Lynch,Enterprise,"Enterprise account ($487,400 ARR) assigned to SMB rep"
385,Greene-Richardson,SEA,Enterprise,487300.0,Lauren Butler,SMB,Haley Green,Enterprise,"Enterprise account ($487,300 ARR) assigned to SMB rep"
927,"Miller, Russell and Alexander",Greater China,Enterprise,487100.0,Kayla Green,SMB,Bill Sullivan DVM,Enterprise,"Enterprise account ($487,100 ARR) assigned to SMB rep"
406,Henry LLC,SEA,Enterprise,481000.0,Sara Ross,SMB,Michael Lynch,Enterprise,"Enterprise account ($481,000 ARR) assigned to SMB rep"
129,"Jordan, Rice and Hale",SEA,Enterprise,470900.0,Lauren Butler,SMB,Haley Green,Enterprise,"Enterprise account ($470,900 ARR) assigned to SMB rep"
477,Smith Inc,SEA,Enterprise,470800.0,Michael Roberts,SMB,Haley Green,Enterprise,"Enterprise account ($470,800 ARR) assigned to SMB rep"
682,Wells-Thomas,Greater China,Enterprise,463400.0,Kayla Green,SMB,Bill Sullivan DVM,Enterprise,"Enterprise account ($463,400 ARR) assigned to SMB rep"
754,"Montoya, Thompson and Boyd",Greater China,Enterprise,448100.0,Anthony Mccarty,SMB,Bill Sullivan DVM,Enterprise,"Enterprise account ($448,100 ARR) assigned to SMB rep"
269,Thomas-Ballard,SEA,Enterprise,442300.0,Michael Roberts,SMB,Haley Green,Enterprise,"Enterprise account ($442,300 ARR) assigned to SMB rep"
743,Bates-Gaines,Greater China,Enterprise,436900.0,Arthur Miller,SMB,Bill Sullivan DVM,Enterprise,"Enterprise account ($436,900 ARR) assigned to SMB rep"
806,"Ortega, Baker and Diaz",Greater China,Enterprise,408400.0,Kayla Green,SMB,Bill Sullivan DVM,Enterprise,"Enterprise account ($408,400 ARR) assigned to SMB rep"
103,Price-Rush,SEA,Enterprise,399100.0,Sara Ross,SMB,Haley Green,Enterprise,"Enterprise account ($399,100 ARR) assigned to SMB rep"
1779,Gonzales and Sons,India,Enterprise,397800.0,Cameron Graham,SMB,Jackson Alvarez,Regional Overlay,"Enterprise account ($397,800 ARR) assigned to SMB rep"
540,"Ramsey, Randall and Butler",SEA,Enterprise,381000.0,Michael Roberts,SMB,Haley Green,Enterprise,"Enterprise account ($381,000 ARR) assigned to SMB rep"
508,Monroe-Ross,SEA,Enterprise,374600.0,Sara Ross,SMB,Michael Lynch,Enterprise,"Enterprise account ($374,600 ARR) assigned to SMB rep"
355,Ferguson-Brooks,SEA,Enterprise,371000.0,Michael Roberts,SMB,Haley Green,Enterprise,"Enterprise account ($371,000 ARR) assigned to SMB rep"
810,Tate-Perkins,Greater China,Enterprise,359200.0,Anthony Mccarty,SMB,Bill Sullivan DVM,Enterprise,"Enterprise account ($359,200 ARR) assigned to SMB rep"
521,"Cummings, Khan and Hernandez",SEA,Enterprise,334400.0,Lauren Butler,SMB,Michael Lynch,Enterprise,"Enterprise account ($334,400 ARR) assigned to SMB rep"
856,Robinson-Lee,Greater China,Enterprise,324900.0,Kayla Green,SMB,Bill Sullivan DVM,Enterprise,"Enterprise account ($324,900 ARR) assigned to SMB rep"
864,"Bailey, Potts and Brown",Greater China,Enterprise,321200.0,Anthony Mccarty,SMB,Bill Sullivan DVM,Enterprise,"Enterprise account ($321,200 ARR) assigned to SMB rep"
883,Edwards-Davis,Greater China,Enterprise,320100.0,Arthur Miller,SMB,Bill Sullivan DVM,Enterprise,"Enterprise account ($320,100 ARR) assigned to SMB rep"
205,"Allen, Frazier and Chambers",SEA,Enterprise,316100.0,Sara Ross,SMB,Michael Lynch,Enterprise,"Enterprise account ($316,100 ARR) assigned to SMB rep"
683,"Alexander, Herrera and Lee",Greater China,Enterprise,308600.0,Arthur Miller,SMB,Bill Sullivan DVM,Enterprise,"Enterprise account ($308,600 ARR) assigned to SMB rep"
381,"Montgomery, Cox and Roberson",SEA,Enterprise,306400.0,Michael Roberts,SMB,Haley Green,Enterprise,"Enterprise account ($306,400 ARR) assigned to SMB rep"
317,Brown and Sons,SEA,Enterprise,276800.0,Michael Roberts,SMB,Haley Green,Enterprise,"Enterprise account ($276,800 ARR) assigned to SMB rep"
1531,Hill Ltd,India,Enterprise,276100.0,Stephanie Johnson,SMB,Jackson Alvarez,Regional Overlay,"Enterprise account ($276,100 ARR) assigned to SMB rep"
