assignment_id,account_id,rep_id,assigned_date,coverage_status,last_activity_date,engagement_status
1,1801,18.0,2024-06-14,Assigned,2024-07-27,Stale
2,1802,17.0,2022-04-23,Assigned,2023-04-03,Stale
3,1803,18.0,2024-03-03,Assigned,2025-01-06,Warm
4,1804,18.0,2024-02-04,Assigned,2024-11-10,Stale
5,1805,18.0,2023-09-19,Assigned,2024-07-30,Stale
6,1806,17.0,2023-08-11,Assigned,2023-11-25,Stale
7,1807,18.0,2023-01-28,Assigned,2024-07-27,Stale
8,1808,18.0,2022-03-15,Assigned,2023-11-07,Stale
9,1809,18.0,2024-01-10,Assigned,2024-04-16,Stale
10,1810,17.0,2022-07-16,Assigned,2024-11-23,Stale
11,1811,18.0,2022-01-13,Assigned,2022-05-12,Stale
12,1812,18.0,2022-04-12,Assigned,2023-07-07,Stale
13,1813,18.0,2024-04-25,Assigned,2024-06-15,Stale
14,1814,18.0,2022-10-28,Assigned,2023-03-03,Stale
15,1815,17.0,2022-08-15,Assigned,2024-10-10,Stale
16,1816,18.0,2023-04-28,Assigned,2024-09-17,Stale
17,1817,17.0,2022-03-21,Assigned,2023-03-18,Stale
18,1818,17.0,2022-01-25,Assigned,2023-03-09,Stale
19,1819,17.0,2022-10-15,Assigned,2024-05-10,Stale
20,1820,,,Unassigned,,No Coverage
21,1821,18.0,2024-04-24,Assigned,2024-08-24,Stale
22,1822,17.0,2024-05-08,Assigned,2024-10-04,Stale
23,1823,18.0,2023-05-07,Assigned,2024-02-06,Stale
24,1824,17.0,2024-04-05,Assigned,2024-05-09,Stale
25,1825,17.0,2024-01-03,Assigned,2024-09-09,Stale
26,1826,17.0,2022-01-03,Assigned,2023-10-03,Stale
27,1827,17.0,2022-07-22,Assigned,2024-12-08,Warm
28,1828,17.0,2023-02-14,Assigned,2024-08-08,Stale
29,1829,17.0,2022-06-29,Assigned,2023-09-25,Stale
30,1830,17.0,2022-05-21,Assigned,2024-01-29,Stale
31,1831,17.0,2024-03-14,Assigned,2024-03-30,Stale
32,1832,18.0,2023-07-15,Assigned,2024-10-22,Stale
33,1833,18.0,2023-07-09,Assigned,2025-01-24,Warm
34,1834,17.0,2022-01-31,Assigned,2023-07-24,Stale
35,1835,17.0,2024-01-07,Assigned,2024-07-14,Stale
36,1836,17.0,2022-02-11,Assigned,2022-02-19,Stale
37,1837,18.0,2023-03-02,Assigned,2023-09-19,Stale
38,1838,17.0,2023-09-17,Assigned,2024-01-28,Stale
39,1839,18.0,2022-01-28,Assigned,2024-01-05,Stale
40,1840,18.0,2022-07-08,Assigned,2024-08-04,Stale
41,1841,18.0,2022-08-06,Assigned,2023-12-20,Stale
42,1842,18.0,2024-03-13,Assigned,2024-03-14,Stale
43,1843,18.0,2023-07-21,Assigned,2024-01-20,Stale
44,1844,17.0,2023-05-17,Assigned,2024-08-22,Stale
45,1845,17.0,2024-03-13,Assigned,2024-06-05,Stale
46,1846,,,Unassigned,,No Coverage
47,1847,17.0,2022-02-10,Assigned,2024-08-09,Stale
48,1848,17.0,2023-06-29,Assigned,2023-10-30,Stale
49,1849,17.0,2024-06-20,Assigned,2024-11-04,Stale
50,1850,18.0,2024-02-21,Assigned,2024-05-18,Stale
51,1851,17.0,2023-03-29,Assigned,2024-04-18,Stale
52,1852,17.0,2022-01-06,Assigned,2022-10-10,Stale
53,1853,18.0,2022-07-27,Assigned,2022-09-08,Stale
54,1854,17.0,2023-08-04,Assigned,2024-11-30,Stale
55,1855,18.0,2023-04-23,Assigned,2023-12-21,Stale
56,1856,17.0,2022-11-25,Assigned,2024-01-30,Stale
57,1857,18.0,2023-02-16,Assigned,2024-12-09,Warm
58,1858,17.0,2022-02-21,Assigned,2022-03-02,Stale
59,1859,17.0,2023-09-24,Assigned,2023-11-02,Stale
60,1860,18.0,2022-03-24,Assigned,2023-10-30,Stale
61,1861,18.0,2024-01-13,Assigned,2024-08-07,Stale
62,1862,18.0,2023-06-20,Assigned,2024-11-26,Stale
63,1863,18.0,2024-01-26,Assigned,2024-06-20,Stale
64,1864,18.0,2024-01-16,Assigned,2025-01-23,Warm
65,1865,18.0,2024-06-11,Assigned,2024-08-09,Stale
66,1866,18.0,2023-04-01,Assigned,2023-04-20,Stale
67,1867,18.0,2022-11-11,Assigned,2023-08-09,Stale
68,1868,17.0,2022-11-02,Assigned,2024-10-17,Stale
69,1869,17.0,2023-12-11,Assigned,2024-06-10,Stale
70,1870,18.0,2023-06-24,Assigned,2023-07-05,Stale
71,1871,17.0,2022-08-03,Assigned,2022-09-04,Stale
72,1872,17.0,2022-06-28,Assigned,2023-02-04,Stale
73,1873,17.0,2023-12-09,Assigned,2024-09-20,Stale
74,1874,17.0,2024-02-12,Assigned,2024-04-04,Stale
75,1875,17.0,2023-07-13,Assigned,2024-11-03,Stale
76,1876,17.0,2023-03-07,Assigned,2025-01-25,Warm
77,1877,17.0,2023-05-12,Assigned,2024-05-09,Stale
78,1878,17.0,2022-08-11,Assigned,2023-11-21,Stale
79,1879,17.0,2023-01-10,Assigned,2023-10-14,Stale
80,1880,17.0,2023-02-26,Assigned,2024-11-19,Stale
81,1881,17.0,2024-03-31,Assigned,2024-05-02,Stale
82,1882,17.0,2023-06-25,Assigned,2024-07-27,Stale
83,1883,17.0,2024-04-08,Assigned,2025-01-05,Warm
84,1884,17.0,2022-11-12,Assigned,2024-07-30,Stale
85,1885,17.0,2024-03-09,Assigned,2024-08-28,Stale
86,1886,17.0,2022-12-08,Assigned,2023-07-23,Stale
87,1887,17.0,2024-03-26,Assigned,2025-02-16,Active
88,1888,17.0,2023-04-23,Assigned,2023-07-26,Stale
89,1889,17.0,2022-08-04,Assigned,2023-09-21,Stale
90,1890,17.0,2022-12-13,Assigned,2024-12-09,Warm
91,1891,17.0,2022-04-26,Assigned,2023-01-08,Stale
92,1892,17.0,2023-09-13,Assigned,2024-10-15,Stale
93,1893,17.0,2022-12-23,Assigned,2024-04-29,Stale
94,1894,17.0,2023-01-23,Assigned,2024-10-27,Stale
95,1895,17.0,2024-01-03,Assigned,2024-08-18,Stale
96,1896,17.0,2022-10-26,Assigned,2023-01-12,Stale
97,1897,17.0,2023-08-13,Assigned,2023-10-04,Stale
98,1898,17.0,2023-05-23,Assigned,2024-04-18,Stale
99,1899,17.0,2023-07-08,Assigned,2023-11-18,Stale
100,1900,17.0,2024-02-12,Assigned,2025-02-22,Active
101,1901,17.0,2022-06-14,Assigned,2024-04-09,Stale
102,1902,,,Unassigned,,No Coverage
103,1903,17.0,2022-05-23,Assigned,2023-04-06,Stale
104,1904,17.0,2022-04-10,Assigned,2022-09-20,Stale
105,1905,17.0,2022-12-15,Assigned,2024-04-13,Stale
106,1906,17.0,2022-09-10,Assigned,2023-12-02,Stale
107,1907,17.0,2022-05-21,Assigned,2023-01-13,Stale
108,1908,,,Unassigned,,No Coverage
109,1909,17.0,2022-04-01,Assigned,2024-12-29,Warm
110,1910,17.0,2023-03-18,Assigned,2024-12-18,Warm
111,1911,17.0,2024-02-28,Assigned,2024-07-28,Stale
112,1912,17.0,2022-10-28,Assigned,2024-12-07,Warm
113,1913,17.0,2023-08-06,Assigned,2024-04-29,Stale
114,1914,,,Unassigned,,No Coverage
115,1915,,,Unassigned,,No Coverage
116,1916,,,Unassigned,,No Coverage
117,1917,,,Unassigned,,No Coverage
118,1918,,,Unassigned,,No Coverage
119,1919,,,Unassigned,,No Coverage
120,1920,,,Unassigned,,No Coverage
121,1921,,,Unassigned,,No Coverage
122,1922,,,Unassigned,,No Coverage
123,1923,,,Unassigned,,No Coverage
124,1924,,,Unassigned,,No Coverage
125,1925,,,Unassigned,,No Coverage
126,1926,,,Unassigned,,No Coverage
127,1927,,,Unassigned,,No Coverage
128,1928,,,Unassigned,,No Coverage
129,1929,,,Unassigned,,No Coverage
130,1930,,,Unassigned,,No Coverage
131,1931,,,Unassigned,,No Coverage
132,1932,,,Unassigned,,No Coverage
133,1933,,,Unassigned,,No Coverage
134,1934,,,Unassigned,,No Coverage
135,1935,,,Unassigned,,No Coverage
136,1936,,,Unassigned,,No Coverage
137,1937,,,Unassigned,,No Coverage
138,1938,,,Unassigned,,No Coverage
139,1939,,,Unassigned,,No Coverage
140,1940,,,Unassigned,,No Coverage
141,1941,,,Unassigned,,No Coverage
142,1942,,,Unassigned,,No Coverage
143,1943,,,Unassigned,,No Coverage
144,1944,,,Unassigned,,No Coverage
145,1945,,,Unassigned,,No Coverage
146,1946,,,Unassigned,,No Coverage
147,1947,,,Unassigned,,No Coverage
148,1948,,,Unassigned,,No Coverage
149,1949,,,Unassigned,,No Coverage
150,1950,,,Unassigned,,No Coverage
151,1951,,,Unassigned,,No Coverage
152,1952,,,Unassigned,,No Coverage
153,1953,,,Unassigned,,No Coverage
154,1954,,,Unassigned,,No Coverage
155,1955,,,Unassigned,,No Coverage
156,1956,,,Unassigned,,No Coverage
157,1957,,,Unassigned,,No Coverage
158,1958,,,Unassigned,,No Coverage
159,1959,,,Unassigned,,No Coverage
160,1960,,,Unassigned,,No Coverage
161,1961,,,Unassigned,,No Coverage
162,1962,,,Unassigned,,No Coverage
163,1963,,,Unassigned,,No Coverage
164,1964,,,Unassigned,,No Coverage
165,1965,,,Unassigned,,No Coverage
166,1966,,,Unassigned,,No Coverage
167,1967,,,Unassigned,,No Coverage
168,1968,,,Unassigned,,No Coverage
169,1969,,,Unassigned,,No Coverage
170,1970,,,Unassigned,,No Coverage
171,1971,,,Unassigned,,No Coverage
172,1972,,,Unassigned,,No Coverage
173,1973,,,Unassigned,,No Coverage
174,1974,,,Unassigned,,No Coverage
175,1975,,,Unassigned,,No Coverage
176,1976,,,Unassigned,,No Coverage
177,1977,,,Unassigned,,No Coverage
178,1978,,,Unassigned,,No Coverage
179,1979,,,Unassigned,,No Coverage
180,1980,,,Unassigned,,No Coverage
181,1981,,,Unassigned,,No Coverage
182,1982,,,Unassigned,,No Coverage
183,1983,,,Unassigned,,No Coverage
184,1984,,,Unassigned,,No Coverage
185,1985,,,Unassigned,,No Coverage
186,1986,,,Unassigned,,No Coverage
187,1987,,,Unassigned,,No Coverage
188,1988,,,Unassigned,,No Coverage
189,1989,,,Unassigned,,No Coverage
190,1990,,,Unassigned,,No Coverage
191,1991,,,Unassigned,,No Coverage
192,1992,,,Unassigned,,No Coverage
193,1993,,,Unassigned,,No Coverage
194,1994,,,Unassigned,,No Coverage
195,1995,,,Unassigned,,No Coverage
196,1996,,,Unassigned,,No Coverage
197,1997,,,Unassigned,,No Coverage
198,1998,,,Unassigned,,No Coverage
199,1999,,,Unassigned,,No Coverage
200,2000,,,Unassigned,,No Coverage
201,601,7.0,2023-08-09,Assigned,2025-02-01,Active
202,602,9.0,2022-02-21,Assigned,2024-06-04,Stale
203,603,10.0,2023-12-24,Assigned,2024-09-14,Stale
204,604,7.0,2023-03-18,Assigned,2024-12-13,Warm
205,605,10.0,2023-07-23,Assigned,2023-12-11,Stale
206,606,7.0,2022-07-05,Assigned,2024-06-21,Stale
207,607,10.0,2023-06-02,Assigned,2024-07-03,Stale
208,608,,,Unassigned,,No Coverage
209,609,7.0,2022-06-29,Assigned,2023-04-18,Stale
210,610,7.0,2022-11-13,Assigned,2023-07-10,Stale
211,611,9.0,2022-08-13,Assigned,2024-04-11,Stale
212,612,7.0,2024-06-03,Assigned,2025-02-02,Active
213,613,7.0,2023-05-07,Assigned,2024-12-23,Warm
214,614,9.0,2024-02-11,Assigned,2024-09-02,Stale
215,615,7.0,2023-05-29,Assigned,2024-12-03,Warm
216,616,7.0,2023-09-16,Assigned,2024-10-13,Stale
217,617,10.0,2023-09-13,Assigned,2024-05-06,Stale
218,618,9.0,2023-02-21,Assigned,2023-05-03,Stale
219,619,10.0,2023-02-01,Assigned,2024-08-13,Stale
220,620,9.0,2023-10-24,Assigned,2024-04-06,Stale
221,621,8.0,2024-01-07,Assigned,2024-06-19,Stale
222,622,8.0,2024-06-20,Assigned,2024-11-10,Stale
223,623,8.0,2024-03-19,Assigned,2024-05-23,Stale
224,624,9.0,2023-06-30,Assigned,2024-04-22,Stale
225,625,8.0,2022-10-14,Assigned,2023-09-15,Stale
226,626,10.0,2023-10-15,Assigned,2023-12-17,Stale
227,627,8.0,2022-11-29,Assigned,2022-12-12,Stale
228,628,10.0,2023-07-10,Assigned,2024-11-20,Stale
229,629,10.0,2022-12-21,Assigned,2023-12-03,Stale
230,630,8.0,2023-09-22,Assigned,2024-05-31,Stale
231,631,9.0,2024-01-03,Assigned,2024-06-09,Stale
232,632,,,Unassigned,,No Coverage
233,633,8.0,2023-07-14,Assigned,2025-02-24,Active
234,634,10.0,2023-09-07,Assigned,2024-05-15,Stale
235,635,9.0,2024-02-05,Assigned,2024-05-22,Stale
236,636,8.0,2022-01-22,Assigned,2024-09-04,Stale
237,637,10.0,2024-02-05,Assigned,2024-04-06,Stale
238,638,,,Unassigned,,No Coverage
239,639,8.0,2022-06-12,Assigned,2023-12-04,Stale
240,640,10.0,2022-12-05,Assigned,2024-02-08,Stale
241,641,10.0,2023-02-24,Assigned,2024-04-25,Stale
242,642,8.0,2023-01-09,Assigned,2023-04-26,Stale
243,643,7.0,2022-01-09,Assigned,2022-07-18,Stale
244,644,8.0,2023-12-10,Assigned,2025-02-20,Active
245,645,8.0,2022-11-07,Assigned,2025-02-17,Active
246,646,9.0,2023-12-08,Assigned,2024-04-20,Stale
247,647,9.0,2022-05-19,Assigned,2024-10-03,Stale
248,648,,,Unassigned,,No Coverage
249,649,8.0,2024-01-17,Assigned,2024-12-07,Warm
250,650,8.0,2023-08-26,Assigned,2024-09-04,Stale
251,651,9.0,2023-02-09,Assigned,2025-02-14,Active
252,652,8.0,2022-01-29,Assigned,2023-07-08,Stale
253,653,7.0,2024-03-05,Assigned,2024-12-05,Warm
254,654,,,Unassigned,,No Coverage
255,655,9.0,2023-05-17,Assigned,2023-08-07,Stale
256,656,10.0,2022-10-15,Assigned,2023-02-23,Stale
257,657,7.0,2024-03-09,Assigned,2025-02-19,Active
258,658,,,Unassigned,,No Coverage
259,659,10.0,2022-08-01,Assigned,2025-01-06,Warm
260,660,8.0,2022-10-21,Assigned,2025-01-20,Warm
261,661,10.0,2022-10-23,Assigned,2023-01-22,Stale
262,662,10.0,2022-08-27,Assigned,2024-12-30,Warm
263,663,8.0,2024-01-07,Assigned,2024-10-18,Stale
264,664,7.0,2024-02-17,Assigned,2024-09-28,Stale
265,665,8.0,2022-10-23,Assigned,2023-02-27,Stale
266,666,10.0,2022-10-05,Assigned,2023-09-04,Stale
267,667,7.0,2024-01-06,Assigned,2024-10-03,Stale
268,668,8.0,2024-05-12,Assigned,2024-10-03,Stale
269,669,,,Unassigned,,No Coverage
270,670,9.0,2024-03-09,Assigned,2024-11-28,Stale
271,671,9.0,2024-03-25,Assigned,2024-05-21,Stale
272,672,9.0,2022-11-13,Assigned,2024-06-19,Stale
273,673,10.0,2023-05-30,Assigned,2024-01-20,Stale
274,674,9.0,2023-12-21,Assigned,2024-11-13,Stale
275,675,8.0,2023-03-17,Assigned,2024-11-16,Stale
276,676,7.0,2023-12-25,Assigned,2024-04-26,Stale
277,677,10.0,2022-11-20,Assigned,2023-07-17,Stale
278,678,8.0,2023-11-18,Assigned,2024-09-25,Stale
279,679,7.0,2023-11-07,Assigned,2024-07-01,Stale
280,680,10.0,2024-03-20,Assigned,2024-04-24,Stale
281,681,7.0,2024-04-01,Assigned,2025-01-21,Warm
282,682,7.0,2022-04-13,Assigned,2022-10-25,Stale
283,683,8.0,2024-04-28,Assigned,2024-12-13,Warm
284,684,9.0,2023-08-30,Assigned,2024-09-01,Stale
285,685,7.0,2024-03-08,Assigned,2025-02-17,Active
286,686,7.0,2024-06-25,Assigned,2025-02-12,Active
287,687,8.0,2022-09-18,Assigned,2024-02-01,Stale
288,688,7.0,2023-05-13,Assigned,2024-11-07,Stale
289,689,,,Unassigned,,No Coverage
290,690,8.0,2023-01-05,Assigned,2024-01-09,Stale
291,691,7.0,2023-04-20,Assigned,2024-09-17,Stale
292,692,10.0,2023-02-12,Assigned,2024-08-27,Stale
293,693,7.0,2024-05-24,Assigned,2024-11-15,Stale
294,694,,,Unassigned,,No Coverage
295,695,7.0,2023-01-06,Assigned,2023-05-24,Stale
296,696,9.0,2024-03-08,Assigned,2024-12-27,Warm
297,697,7.0,2023-09-06,Assigned,2025-02-19,Active
298,698,8.0,2023-08-20,Assigned,2024-03-20,Stale
299,699,8.0,2022-12-08,Assigned,2024-12-20,Warm
300,700,10.0,2024-04-22,Assigned,2024-11-15,Stale
301,701,,,Unassigned,,No Coverage
302,702,9.0,2024-06-28,Assigned,2024-09-06,Stale
303,703,7.0,2023-03-14,Assigned,2023-09-22,Stale
304,704,9.0,2022-12-21,Assigned,2024-12-02,Warm
305,705,10.0,2023-12-19,Assigned,2024-10-23,Stale
306,706,9.0,2023-02-28,Assigned,2025-01-07,Warm
307,707,8.0,2022-12-02,Assigned,2024-06-18,Stale
308,708,,,Unassigned,,No Coverage
309,709,,,Unassigned,,No Coverage
310,710,8.0,2024-06-09,Assigned,2024-06-15,Stale
311,711,7.0,2022-02-08,Assigned,2024-07-17,Stale
312,712,7.0,2023-01-21,Assigned,2023-11-20,Stale
313,713,8.0,2022-11-30,Assigned,2024-01-22,Stale
314,714,7.0,2023-04-09,Assigned,2024-05-11,Stale
315,715,9.0,2023-09-17,Assigned,2024-04-08,Stale
316,716,9.0,2022-06-06,Assigned,2024-02-10,Stale
317,717,8.0,2022-11-23,Assigned,2024-06-09,Stale
318,718,7.0,2023-02-08,Assigned,2024-10-04,Stale
319,719,9.0,2024-04-30,Assigned,2024-06-12,Stale
320,720,8.0,2022-08-07,Assigned,2024-07-24,Stale
321,721,9.0,2023-09-28,Assigned,2023-10-24,Stale
322,722,9.0,2022-01-04,Assigned,2022-11-20,Stale
323,723,8.0,2022-09-17,Assigned,2023-12-25,Stale
324,724,9.0,2023-09-04,Assigned,2024-10-03,Stale
325,725,8.0,2022-01-10,Assigned,2022-12-20,Stale
326,726,7.0,2023-12-24,Assigned,2025-01-31,Active
327,727,7.0,2022-08-16,Assigned,2023-09-10,Stale
328,728,10.0,2022-06-13,Assigned,2024-11-02,Stale
329,729,10.0,2024-06-26,Assigned,2024-08-12,Stale
330,730,9.0,2022-09-18,Assigned,2024-11-12,Stale
331,731,10.0,2023-07-23,Assigned,2023-08-21,Stale
332,732,9.0,2023-01-06,Assigned,2023-07-28,Stale
333,733,10.0,2022-10-13,Assigned,2024-06-20,Stale
334,734,10.0,2024-05-27,Assigned,2024-12-12,Warm
335,735,9.0,2024-06-09,Assigned,2024-11-12,Stale
336,736,9.0,2022-03-03,Assigned,2023-06-15,Stale
337,737,8.0,2022-08-18,Assigned,2022-09-26,Stale
338,738,8.0,2022-03-09,Assigned,2022-03-15,Stale
339,739,10.0,2022-10-13,Assigned,2024-08-16,Stale
340,740,10.0,2022-06-16,Assigned,2024-02-10,Stale
341,741,,,Unassigned,,No Coverage
342,742,8.0,2023-06-04,Assigned,2024-04-16,Stale
343,743,8.0,2023-03-18,Assigned,2024-03-13,Stale
344,744,7.0,2024-05-23,Assigned,2024-08-29,Stale
345,745,9.0,2024-02-21,Assigned,2025-02-21,Active
346,746,7.0,2024-05-26,Assigned,2024-06-17,Stale
347,747,7.0,2022-08-02,Assigned,2022-11-29,Stale
348,748,7.0,2024-01-12,Assigned,2024-06-26,Stale
349,749,10.0,2024-06-08,Assigned,2025-01-18,Warm
350,750,7.0,2024-04-16,Assigned,2024-12-08,Warm
351,751,9.0,2024-03-04,Assigned,2024-06-08,Stale
352,752,8.0,2022-03-31,Assigned,2024-04-23,Stale
353,753,,,Unassigned,,No Coverage
354,754,10.0,2022-03-13,Assigned,2022-10-11,Stale
355,755,7.0,2022-04-27,Assigned,2024-05-07,Stale
356,756,10.0,2023-09-30,Assigned,2024-10-15,Stale
357,757,9.0,2023-04-16,Assigned,2024-04-05,Stale
358,758,10.0,2022-09-21,Assigned,2024-04-26,Stale
359,759,9.0,2022-03-27,Assigned,2022-06-20,Stale
360,760,10.0,2023-04-27,Assigned,2023-11-13,Stale
361,761,10.0,2023-12-06,Assigned,2024-12-14,Warm
362,762,7.0,2024-03-09,Assigned,2024-06-21,Stale
363,763,8.0,2023-01-17,Assigned,2025-02-05,Active
364,764,10.0,2023-02-14,Assigned,2023-03-16,Stale
365,765,7.0,2023-06-23,Assigned,2023-08-21,Stale
366,766,10.0,2023-05-14,Assigned,2024-08-26,Stale
367,767,9.0,2023-03-02,Assigned,2024-11-09,Stale
368,768,,,Unassigned,,No Coverage
369,769,7.0,2023-04-23,Assigned,2023-12-04,Stale
370,770,,,Unassigned,,No Coverage
371,771,10.0,2022-10-05,Assigned,2024-07-15,Stale
372,772,,,Unassigned,,No Coverage
373,773,,,Unassigned,,No Coverage
374,774,8.0,2022-02-27,Assigned,2024-03-25,Stale
375,775,9.0,2023-08-28,Assigned,2024-02-26,Stale
376,776,8.0,2022-08-20,Assigned,2023-03-03,Stale
377,777,9.0,2023-01-25,Assigned,2024-06-20,Stale
378,778,10.0,2023-09-23,Assigned,2024-04-05,Stale
379,779,8.0,2022-07-18,Assigned,2023-02-20,Stale
380,780,10.0,2022-01-16,Assigned,2025-02-22,Active
381,781,7.0,2023-11-27,Assigned,2024-09-09,Stale
382,782,8.0,2022-08-30,Assigned,2023-08-19,Stale
383,783,8.0,2023-02-04,Assigned,2023-02-08,Stale
384,784,,,Unassigned,,No Coverage
385,785,,,Unassigned,,No Coverage
386,786,10.0,2022-06-28,Assigned,2023-02-11,Stale
387,787,10.0,2022-08-18,Assigned,2023-10-11,Stale
388,788,10.0,2022-04-04,Assigned,2022-05-23,Stale
389,789,10.0,2022-11-17,Assigned,2024-07-14,Stale
390,790,8.0,2022-01-24,Assigned,2023-08-15,Stale
391,791,8.0,2022-02-06,Assigned,2022-11-12,Stale
392,792,7.0,2022-06-03,Assigned,2024-08-01,Stale
393,793,8.0,2022-04-01,Assigned,2023-09-02,Stale
394,794,7.0,2022-09-06,Assigned,2023-08-24,Stale
395,795,7.0,2024-03-31,Assigned,2024-04-15,Stale
396,796,10.0,2023-10-02,Assigned,2023-11-15,Stale
397,797,8.0,2022-04-15,Assigned,2024-07-21,Stale
398,798,,,Unassigned,,No Coverage
399,799,,,Unassigned,,No Coverage
400,800,10.0,2022-04-06,Assigned,2023-02-12,Stale
401,801,8.0,2023-02-04,Assigned,2024-10-30,Stale
402,802,,,Unassigned,,No Coverage
403,803,8.0,2024-04-10,Assigned,2024-11-02,Stale
404,804,10.0,2022-03-14,Assigned,2023-07-31,Stale
405,805,8.0,2024-04-05,Assigned,2025-01-16,Warm
406,806,7.0,2023-10-23,Assigned,2024-10-23,Stale
407,807,8.0,2022-11-30,Assigned,2025-02-22,Active
408,808,10.0,2024-04-23,Assigned,2024-07-10,Stale
409,809,,,Unassigned,,No Coverage
410,810,10.0,2024-06-28,Assigned,2024-11-09,Stale
411,811,8.0,2023-05-08,Assigned,2024-01-16,Stale
412,812,10.0,2023-11-20,Assigned,2024-08-12,Stale
413,813,,,Unassigned,,No Coverage
414,814,7.0,2024-06-23,Assigned,2024-07-28,Stale
415,815,,,Unassigned,,No Coverage
416,816,,,Unassigned,,No Coverage
417,817,,,Unassigned,,No Coverage
418,818,10.0,2023-01-25,Assigned,2024-03-22,Stale
419,819,,,Unassigned,,No Coverage
420,820,7.0,2022-10-02,Assigned,2024-01-02,Stale
421,821,8.0,2022-08-27,Assigned,2024-09-07,Stale
422,822,10.0,2023-03-30,Assigned,2025-02-11,Active
423,823,10.0,2023-09-13,Assigned,2025-01-08,Warm
424,824,7.0,2023-06-26,Assigned,2024-07-20,Stale
425,825,7.0,2022-05-04,Assigned,2024-04-11,Stale
426,826,,,Unassigned,,No Coverage
427,827,10.0,2023-11-23,Assigned,2024-12-09,Warm
428,828,7.0,2023-09-20,Assigned,2024-09-11,Stale
429,829,7.0,2023-05-25,Assigned,2024-02-17,Stale
430,830,,,Unassigned,,No Coverage
431,831,10.0,2024-05-28,Assigned,2025-02-15,Active
432,832,,,Unassigned,,No Coverage
433,833,7.0,2024-06-17,Assigned,2024-09-29,Stale
434,834,10.0,2024-06-23,Assigned,2024-11-28,Stale
435,835,8.0,2023-10-23,Assigned,2024-03-17,Stale
436,836,7.0,2022-11-05,Assigned,2023-05-19,Stale
437,837,10.0,2024-06-20,Assigned,2024-06-21,Stale
438,838,7.0,2023-11-19,Assigned,2024-06-24,Stale
439,839,10.0,2022-09-06,Assigned,2024-04-29,Stale
440,840,8.0,2024-02-28,Assigned,2024-10-01,Stale
441,841,8.0,2022-09-01,Assigned,2024-12-14,Warm
442,842,8.0,2024-06-07,Assigned,2024-06-12,Stale
443,843,8.0,2022-12-06,Assigned,2024-11-24,Stale
444,844,10.0,2022-02-07,Assigned,2023-10-05,Stale
445,845,10.0,2023-02-02,Assigned,2023-11-25,Stale
446,846,8.0,2023-03-02,Assigned,2024-12-28,Warm
447,847,7.0,2023-05-22,Assigned,2023-12-10,Stale
448,848,10.0,2023-06-10,Assigned,2024-07-17,Stale
449,849,7.0,2023-12-27,Assigned,2024-09-28,Stale
450,850,8.0,2022-01-31,Assigned,2022-03-24,Stale
451,851,10.0,2024-05-13,Assigned,2024-10-28,Stale
452,852,10.0,2024-01-10,Assigned,2025-02-17,Active
453,853,7.0,2024-03-14,Assigned,2024-06-13,Stale
454,854,7.0,2023-12-01,Assigned,2024-12-08,Warm
455,855,8.0,2023-07-31,Assigned,2024-06-10,Stale
456,856,7.0,2022-02-13,Assigned,2024-09-22,Stale
457,857,10.0,2024-05-11,Assigned,2024-05-16,Stale
458,858,10.0,2022-06-10,Assigned,2022-11-21,Stale
459,859,8.0,2023-04-11,Assigned,2023-12-26,Stale
460,860,8.0,2022-07-11,Assigned,2024-06-08,Stale
461,861,8.0,2024-03-22,Assigned,2024-06-20,Stale
462,862,,,Unassigned,,No Coverage
463,863,10.0,2022-10-16,Assigned,2023-05-09,Stale
464,864,10.0,2024-04-11,Assigned,2024-12-19,Warm
465,865,,,Unassigned,,No Coverage
466,866,8.0,2022-07-16,Assigned,2023-03-23,Stale
467,867,7.0,2023-09-01,Assigned,2023-09-25,Stale
468,868,10.0,2023-03-19,Assigned,2024-09-09,Stale
469,869,7.0,2023-10-09,Assigned,2024-09-18,Stale
470,870,7.0,2022-04-07,Assigned,2024-12-23,Warm
471,871,10.0,2022-09-24,Assigned,2024-10-23,Stale
472,872,,,Unassigned,,No Coverage
473,873,8.0,2022-10-25,Assigned,2024-02-27,Stale
474,874,8.0,2023-01-23,Assigned,2024-04-03,Stale
475,875,8.0,2023-10-05,Assigned,2024-05-21,Stale
476,876,10.0,2023-07-29,Assigned,2025-01-28,Warm
477,877,8.0,2022-08-31,Assigned,2024-04-28,Stale
478,878,7.0,2023-04-02,Assigned,2023-12-10,Stale
479,879,10.0,2022-11-16,Assigned,2023-11-18,Stale
480,880,8.0,2023-11-23,Assigned,2024-11-09,Stale
481,881,,,Unassigned,,No Coverage
482,882,8.0,2023-12-29,Assigned,2024-12-02,Warm
483,883,8.0,2024-02-14,Assigned,2024-08-15,Stale
484,884,7.0,2023-01-28,Assigned,2024-01-19,Stale
485,885,8.0,2024-06-21,Assigned,2024-11-03,Stale
486,886,,,Unassigned,,No Coverage
487,887,10.0,2023-12-28,Assigned,2024-10-13,Stale
488,888,7.0,2024-06-16,Assigned,2024-10-11,Stale
489,889,7.0,2022-12-01,Assigned,2023-02-14,Stale
490,890,8.0,2023-01-04,Assigned,2024-05-15,Stale
491,891,7.0,2024-04-05,Assigned,2025-01-19,Warm
492,892,10.0,2022-06-29,Assigned,2023-10-04,Stale
493,893,8.0,2022-10-30,Assigned,2024-03-16,Stale
494,894,8.0,2023-12-01,Assigned,2025-01-26,Warm
495,895,8.0,2022-09-13,Assigned,2023-09-22,Stale
496,896,8.0,2022-03-28,Assigned,2023-10-08,Stale
497,897,7.0,2023-02-13,Assigned,2023-10-11,Stale
498,898,7.0,2023-06-21,Assigned,2024-03-21,Stale
499,899,7.0,2022-02-12,Assigned,2024-09-22,Stale
500,900,8.0,2022-05-12,Assigned,2025-01-29,Warm
501,901,8.0,2022-09-13,Assigned,2022-12-16,Stale
502,902,8.0,2022-07-10,Assigned,2024-06-25,Stale
503,903,,,Unassigned,,No Coverage
504,904,10.0,2024-04-21,Assigned,2024-05-24,Stale
505,905,10.0,2023-08-03,Assigned,2025-02-23,Active
506,906,,,Unassigned,,No Coverage
507,907,7.0,2023-04-06,Assigned,2024-05-14,Stale
508,908,8.0,2023-11-03,Assigned,2024-07-25,Stale
509,909,,,Unassigned,,No Coverage
510,910,10.0,2023-04-04,Assigned,2025-01-01,Warm
511,911,10.0,2022-09-04,Assigned,2024-10-06,Stale
512,912,10.0,2022-07-04,Assigned,2023-03-31,Stale
513,913,10.0,2024-03-06,Assigned,2024-09-04,Stale
514,914,7.0,2022-05-27,Assigned,2024-07-18,Stale
515,915,,,Unassigned,,No Coverage
516,916,8.0,2022-07-25,Assigned,2025-02-17,Active
517,917,,,Unassigned,,No Coverage
518,918,10.0,2022-11-27,Assigned,2024-02-29,Stale
519,919,7.0,2023-10-27,Assigned,2024-01-24,Stale
520,920,8.0,2022-12-21,Assigned,2024-06-18,Stale
521,921,,,Unassigned,,No Coverage
522,922,7.0,2024-04-13,Assigned,2024-08-31,Stale
523,923,8.0,2022-03-30,Assigned,2024-07-08,Stale
524,924,8.0,2023-03-30,Assigned,2024-08-22,Stale
525,925,,,Unassigned,,No Coverage
526,926,10.0,2022-01-14,Assigned,2024-03-15,Stale
527,927,7.0,2024-02-21,Assigned,2024-06-07,Stale
528,928,8.0,2022-10-12,Assigned,2023-08-05,Stale
529,929,10.0,2024-06-25,Assigned,2025-01-17,Warm
530,930,10.0,2022-01-24,Assigned,2024-10-22,Stale
531,931,7.0,2022-01-31,Assigned,2024-03-21,Stale
532,932,10.0,2022-08-15,Assigned,2023-10-08,Stale
533,933,,,Unassigned,,No Coverage
534,934,7.0,2022-05-25,Assigned,2024-04-23,Stale
535,935,,,Unassigned,,No Coverage
536,936,8.0,2023-09-20,Assigned,2024-07-26,Stale
537,937,10.0,2022-02-09,Assigned,2023-09-17,Stale
538,938,,,Unassigned,,No Coverage
539,939,7.0,2024-01-07,Assigned,2025-01-18,Warm
540,940,8.0,2023-12-06,Assigned,2024-11-12,Stale
541,941,8.0,2022-02-08,Assigned,2022-02-14,Stale
542,942,8.0,2022-11-06,Assigned,2024-12-07,Warm
543,943,10.0,2022-06-03,Assigned,2024-07-27,Stale
544,944,10.0,2023-02-28,Assigned,2024-11-26,Stale
545,945,7.0,2024-02-21,Assigned,2024-07-14,Stale
546,946,8.0,2022-08-07,Assigned,2024-08-24,Stale
547,947,10.0,2023-09-26,Assigned,2025-02-16,Active
548,948,10.0,2023-03-17,Assigned,2023-03-22,Stale
549,949,,,Unassigned,,No Coverage
550,950,,,Unassigned,,No Coverage
551,951,7.0,2023-03-12,Assigned,2023-09-12,Stale
552,952,10.0,2022-09-24,Assigned,2023-09-27,Stale
553,953,8.0,2023-06-01,Assigned,2024-11-28,Stale
554,954,,,Unassigned,,No Coverage
555,955,8.0,2023-11-03,Assigned,2024-05-22,Stale
556,956,10.0,2023-11-16,Assigned,2024-04-06,Stale
557,957,7.0,2023-08-26,Assigned,2023-11-14,Stale
558,958,10.0,2022-08-26,Assigned,2024-09-11,Stale
559,959,,,Unassigned,,No Coverage
560,960,8.0,2024-05-26,Assigned,2025-02-01,Active
561,961,10.0,2023-01-09,Assigned,2024-05-23,Stale
562,962,8.0,2023-09-28,Assigned,2024-12-19,Warm
563,963,10.0,2022-11-08,Assigned,2025-01-13,Warm
564,964,8.0,2022-06-03,Assigned,2024-07-01,Stale
565,965,8.0,2022-03-22,Assigned,2022-05-17,Stale
566,966,7.0,2022-07-23,Assigned,2023-06-22,Stale
567,967,7.0,2022-03-31,Assigned,2024-10-19,Stale
568,968,8.0,2023-02-07,Assigned,2024-03-25,Stale
569,969,7.0,2022-11-08,Assigned,2023-01-26,Stale
570,970,7.0,2023-11-12,Assigned,2024-01-16,Stale
571,971,7.0,2022-10-10,Assigned,2023-07-01,Stale
572,972,10.0,2022-10-30,Assigned,2023-05-15,Stale
573,973,7.0,2023-03-30,Assigned,2025-02-01,Active
574,974,7.0,2023-07-03,Assigned,2023-09-30,Stale
575,975,7.0,2023-06-02,Assigned,2025-01-13,Warm
576,976,7.0,2023-11-04,Assigned,2024-04-25,Stale
577,977,8.0,2023-11-18,Assigned,2024-02-28,Stale
578,978,7.0,2023-07-08,Assigned,2024-04-05,Stale
579,979,8.0,2022-08-11,Assigned,2023-06-10,Stale
580,980,8.0,2024-05-06,Assigned,2024-09-04,Stale
581,981,10.0,2024-03-13,Assigned,2024-06-10,Stale
582,982,10.0,2024-04-15,Assigned,2024-06-15,Stale
583,983,8.0,2023-02-07,Assigned,2024-04-29,Stale
584,984,10.0,2024-04-15,Assigned,2024-07-26,Stale
585,985,10.0,2023-06-11,Assigned,2023-07-03,Stale
586,986,10.0,2023-08-28,Assigned,2024-07-01,Stale
587,987,,,Unassigned,,No Coverage
588,988,8.0,2023-06-02,Assigned,2024-04-15,Stale
589,989,10.0,2022-12-28,Assigned,2024-11-17,Stale
590,990,7.0,2024-06-23,Assigned,2024-07-07,Stale
591,991,7.0,2023-02-26,Assigned,2024-08-21,Stale
592,992,8.0,2023-01-01,Assigned,2025-01-30,Warm
593,993,8.0,2023-10-03,Assigned,2023-11-20,Stale
594,994,10.0,2022-03-14,Assigned,2025-01-06,Warm
595,995,10.0,2022-08-03,Assigned,2023-03-26,Stale
596,996,8.0,2022-09-30,Assigned,2024-06-23,Stale
597,997,8.0,2022-11-11,Assigned,2024-01-02,Stale
598,998,,,Unassigned,,No Coverage
599,999,10.0,2023-09-21,Assigned,2024-03-10,Stale
600,1000,10.0,2023-01-23,Assigned,2024-01-08,Stale
601,1001,8.0,2022-12-16,Assigned,2023-12-30,Stale
602,1002,8.0,2022-09-01,Assigned,2023-10-17,Stale
603,1003,10.0,2022-05-03,Assigned,2023-12-12,Stale
604,1004,,,Unassigned,,No Coverage
605,1005,8.0,2023-09-07,Assigned,2024-08-03,Stale
606,1006,8.0,2023-06-14,Assigned,2023-10-20,Stale
607,1007,10.0,2023-10-09,Assigned,2025-02-26,Active
608,1008,,,Unassigned,,No Coverage
609,1009,7.0,2023-11-22,Assigned,2024-01-23,Stale
610,1010,8.0,2024-04-19,Assigned,2024-09-06,Stale
611,1011,8.0,2023-02-21,Assigned,2023-05-22,Stale
612,1012,10.0,2022-03-13,Assigned,2022-12-06,Stale
613,1013,8.0,2023-10-31,Assigned,2024-09-08,Stale
614,1014,8.0,2023-07-20,Assigned,2024-07-24,Stale
615,1015,,,Unassigned,,No Coverage
616,1016,10.0,2022-04-22,Assigned,2024-05-30,Stale
617,1017,,,Unassigned,,No Coverage
618,1018,10.0,2022-10-04,Assigned,2024-07-01,Stale
619,1019,8.0,2023-06-25,Assigned,2024-05-26,Stale
620,1020,10.0,2023-02-01,Assigned,2025-02-02,Active
621,1021,10.0,2024-03-14,Assigned,2024-12-27,Warm
622,1022,8.0,2023-06-17,Assigned,2024-10-16,Stale
623,1023,10.0,2022-06-25,Assigned,2023-04-07,Stale
624,1024,10.0,2022-04-29,Assigned,2024-12-28,Warm
625,1025,10.0,2022-11-23,Assigned,2023-07-26,Stale
626,1026,7.0,2023-07-13,Assigned,2025-02-10,Active
627,1027,7.0,2024-06-28,Assigned,2024-10-03,Stale
628,1028,7.0,2023-02-01,Assigned,2025-02-18,Active
629,1029,7.0,2022-07-13,Assigned,2023-06-04,Stale
630,1030,7.0,2023-03-13,Assigned,2024-07-31,Stale
631,1031,,,Unassigned,,No Coverage
632,1032,,,Unassigned,,No Coverage
633,1033,8.0,2023-06-12,Assigned,2024-06-18,Stale
634,1034,,,Unassigned,,No Coverage
635,1035,7.0,2022-02-18,Assigned,2023-03-09,Stale
636,1036,10.0,2022-12-03,Assigned,2023-04-04,Stale
637,1037,,,Unassigned,,No Coverage
638,1038,10.0,2022-12-31,Assigned,2023-10-21,Stale
639,1039,10.0,2022-12-01,Assigned,2023-06-24,Stale
640,1040,8.0,2023-10-21,Assigned,2024-02-07,Stale
641,1041,8.0,2023-10-08,Assigned,2024-10-10,Stale
642,1042,,,Unassigned,,No Coverage
643,1043,8.0,2022-04-27,Assigned,2022-08-06,Stale
644,1044,,,Unassigned,,No Coverage
645,1045,8.0,2024-02-29,Assigned,2024-11-09,Stale
646,1046,7.0,2023-02-07,Assigned,2023-05-09,Stale
647,1047,8.0,2022-10-01,Assigned,2024-04-11,Stale
648,1048,7.0,2024-05-25,Assigned,2024-10-31,Stale
649,1049,7.0,2022-02-25,Assigned,2023-10-13,Stale
650,1050,7.0,2024-05-16,Assigned,2025-02-26,Active
651,1051,,,Unassigned,,No Coverage
652,1052,7.0,2023-10-23,Assigned,2025-01-05,Warm
653,1053,8.0,2023-04-28,Assigned,2023-11-06,Stale
654,1054,,,Unassigned,,No Coverage
655,1055,8.0,2022-02-28,Assigned,2024-06-23,Stale
656,1056,7.0,2023-09-21,Assigned,2024-04-21,Stale
657,1057,10.0,2023-03-29,Assigned,2024-02-21,Stale
658,1058,10.0,2024-02-20,Assigned,2025-01-14,Warm
659,1059,7.0,2023-10-27,Assigned,2024-01-02,Stale
660,1060,10.0,2024-03-01,Assigned,2024-08-29,Stale
661,1061,10.0,2022-11-28,Assigned,2023-12-04,Stale
662,1062,8.0,2023-07-15,Assigned,2024-06-25,Stale
663,1063,,,Unassigned,,No Coverage
664,1064,10.0,2022-04-30,Assigned,2024-10-31,Stale
665,1065,7.0,2024-04-18,Assigned,2024-08-24,Stale
666,1066,10.0,2022-04-29,Assigned,2022-09-18,Stale
667,1067,10.0,2024-02-16,Assigned,2024-08-04,Stale
668,1068,10.0,2022-05-07,Assigned,2024-12-01,Stale
669,1069,,,Unassigned,,No Coverage
670,1070,10.0,2022-03-12,Assigned,2022-09-16,Stale
671,1071,10.0,2022-05-27,Assigned,2024-08-22,Stale
672,1072,10.0,2024-04-14,Assigned,2024-05-27,Stale
673,1073,7.0,2024-06-22,Assigned,2024-12-13,Warm
674,1074,,,Unassigned,,No Coverage
675,1075,8.0,2022-08-29,Assigned,2022-12-04,Stale
676,1076,8.0,2022-05-22,Assigned,2022-12-01,Stale
677,1077,,,Unassigned,,No Coverage
678,1078,8.0,2022-05-27,Assigned,2024-09-21,Stale
679,1079,8.0,2022-04-22,Assigned,2023-03-14,Stale
680,1080,7.0,2024-06-16,Assigned,2025-02-11,Active
681,1481,15.0,2024-04-30,Assigned,,Stale
682,1482,15.0,2022-01-04,Assigned,2023-02-10,Stale
683,1483,16.0,2024-03-13,Assigned,2025-01-21,Warm
684,1484,16.0,2022-05-08,Assigned,2024-07-06,Stale
685,1485,16.0,2022-07-07,Assigned,2024-01-30,Stale
686,1486,15.0,2022-09-28,Assigned,2024-02-05,Stale
687,1487,16.0,2024-06-10,Assigned,,Stale
688,1488,16.0,2022-12-14,Assigned,,Stale
689,1489,,,Unassigned,,No Coverage
690,1490,,,Unassigned,,No Coverage
691,1491,16.0,2024-01-10,Assigned,2024-01-13,Stale
692,1492,,,Unassigned,,No Coverage
693,1493,,,Unassigned,,No Coverage
694,1494,16.0,2023-11-26,Assigned,,Stale
695,1495,,,Unassigned,,No Coverage
696,1496,15.0,2022-01-29,Assigned,2023-11-19,Stale
697,1497,14.0,2022-11-22,Assigned,2023-04-12,Stale
698,1498,16.0,2022-07-06,Assigned,,Stale
699,1499,,,Unassigned,,No Coverage
700,1500,14.0,2023-02-10,Assigned,2024-04-23,Stale
701,1501,15.0,2022-02-02,Assigned,2024-10-27,Stale
702,1502,16.0,2023-04-02,Assigned,,Stale
703,1503,15.0,2022-11-10,Assigned,2024-06-26,Stale
704,1504,,,Unassigned,,No Coverage
705,1505,,,Unassigned,,No Coverage
706,1506,,,Unassigned,,No Coverage
707,1507,,,Unassigned,,No Coverage
708,1508,,,Unassigned,,No Coverage
709,1509,16.0,2023-03-11,Assigned,2023-03-14,Stale
710,1510,14.0,2022-05-14,Assigned,2024-08-22,Stale
711,1511,,,Unassigned,,No Coverage
712,1512,16.0,2024-05-25,Assigned,2024-10-14,Stale
713,1513,14.0,2024-02-05,Assigned,2024-02-07,Stale
714,1514,15.0,2022-04-19,Assigned,,Stale
715,1515,14.0,2023-04-21,Assigned,2024-02-11,Stale
716,1516,16.0,2023-07-26,Assigned,,Stale
717,1517,15.0,2022-12-01,Assigned,2025-02-06,Active
718,1518,16.0,2022-01-25,Assigned,2024-02-16,Stale
719,1519,,,Unassigned,,No Coverage
720,1520,15.0,2023-02-11,Assigned,2023-11-11,Stale
721,1521,14.0,2022-04-28,Assigned,2022-10-14,Stale
722,1522,14.0,2022-03-30,Assigned,2023-12-23,Stale
723,1523,14.0,2024-01-20,Assigned,2024-06-15,Stale
724,1524,,,Unassigned,,No Coverage
725,1525,14.0,2023-11-28,Assigned,2024-09-15,Stale
726,1526,16.0,2023-08-19,Assigned,2024-06-08,Stale
727,1527,14.0,2022-04-08,Assigned,2023-03-09,Stale
728,1528,14.0,2023-12-17,Assigned,2024-08-31,Stale
729,1529,15.0,2023-12-03,Assigned,2024-08-16,Stale
730,1530,15.0,2022-11-21,Assigned,2024-07-12,Stale
731,1531,14.0,2024-02-20,Assigned,2025-01-17,Warm
732,1532,15.0,2024-01-08,Assigned,,Stale
733,1533,,,Unassigned,,No Coverage
734,1534,16.0,2022-06-28,Assigned,2024-11-15,Stale
735,1535,14.0,2023-05-03,Assigned,2024-08-10,Stale
736,1536,15.0,2022-08-27,Assigned,,Stale
737,1537,14.0,2024-02-27,Assigned,2024-07-05,Stale
738,1538,15.0,2024-01-08,Assigned,2024-08-19,Stale
739,1539,16.0,2022-12-11,Assigned,2025-01-07,Warm
740,1540,16.0,2023-04-14,Assigned,2024-04-04,Stale
741,1541,15.0,2022-07-18,Assigned,2024-11-05,Stale
742,1542,14.0,2022-07-28,Assigned,2023-06-22,Stale
743,1543,14.0,2023-05-04,Assigned,2024-04-11,Stale
744,1544,15.0,2024-05-11,Assigned,2025-02-16,Active
745,1545,16.0,2022-04-10,Assigned,2023-03-21,Stale
746,1546,16.0,2024-04-21,Assigned,2024-06-09,Stale
747,1547,16.0,2023-04-20,Assigned,2024-06-03,Stale
748,1548,,,Unassigned,,No Coverage
749,1549,15.0,2023-01-23,Assigned,,Stale
750,1550,16.0,2023-01-26,Assigned,2024-11-29,Stale
751,1551,14.0,2023-08-03,Assigned,2024-08-23,Stale
752,1552,16.0,2022-03-23,Assigned,2024-03-04,Stale
753,1553,16.0,2022-10-18,Assigned,2024-02-01,Stale
754,1554,14.0,2023-06-10,Assigned,,Stale
755,1555,15.0,2024-06-18,Assigned,,Stale
756,1556,14.0,2024-01-11,Assigned,2024-09-06,Stale
757,1557,14.0,2023-04-26,Assigned,,Stale
758,1558,16.0,2022-09-07,Assigned,2023-12-31,Stale
759,1559,15.0,2022-06-30,Assigned,2024-03-05,Stale
760,1560,16.0,2023-11-24,Assigned,2024-11-11,Stale
761,1561,,,Unassigned,,No Coverage
762,1562,15.0,2023-09-18,Assigned,2024-04-11,Stale
763,1563,16.0,2023-02-08,Assigned,,Stale
764,1564,16.0,2023-09-11,Assigned,2023-10-08,Stale
765,1565,16.0,2022-07-24,Assigned,,Stale
766,1566,16.0,2022-09-25,Assigned,2023-03-06,Stale
767,1567,14.0,2024-05-13,Assigned,2024-11-08,Stale
768,1568,16.0,2024-01-18,Assigned,2024-10-01,Stale
769,1569,15.0,2022-04-11,Assigned,2024-11-20,Stale
770,1570,15.0,2024-02-24,Assigned,2024-07-11,Stale
771,1571,15.0,2023-10-13,Assigned,2024-05-05,Stale
772,1572,16.0,2023-12-25,Assigned,2024-05-28,Stale
773,1573,,,Unassigned,,No Coverage
774,1574,14.0,2022-10-24,Assigned,2024-06-23,Stale
775,1575,14.0,2022-02-07,Assigned,2023-02-21,Stale
776,1576,14.0,2022-02-24,Assigned,,Stale
777,1577,14.0,2022-07-26,Assigned,2024-08-07,Stale
778,1578,16.0,2022-10-31,Assigned,,Stale
779,1579,14.0,2022-12-07,Assigned,,Stale
780,1580,16.0,2023-07-30,Assigned,,Stale
781,1581,16.0,2022-07-08,Assigned,2023-07-21,Stale
782,1582,16.0,2022-04-16,Assigned,,Stale
783,1583,,,Unassigned,,No Coverage
784,1584,14.0,2023-01-27,Assigned,,Stale
785,1585,16.0,2023-01-21,Assigned,2023-10-03,Stale
786,1586,16.0,2022-06-26,Assigned,2022-10-13,Stale
787,1587,16.0,2023-08-24,Assigned,2024-08-17,Stale
788,1588,14.0,2022-09-24,Assigned,,Stale
789,1589,,,Unassigned,,No Coverage
790,1590,14.0,2022-11-27,Assigned,2024-10-31,Stale
791,1591,16.0,2023-09-17,Assigned,2025-01-27,Warm
792,1592,16.0,2022-05-31,Assigned,,Stale
793,1593,15.0,2024-02-14,Assigned,2024-09-24,Stale
794,1594,14.0,2024-02-08,Assigned,2025-02-05,Active
795,1595,,,Unassigned,,No Coverage
796,1596,16.0,2024-04-15,Assigned,2025-02-22,Active
797,1597,16.0,2022-06-15,Assigned,2023-11-30,Stale
798,1598,14.0,2023-07-22,Assigned,2024-01-13,Stale
799,1599,,,Unassigned,,No Coverage
800,1600,15.0,2022-01-29,Assigned,,Stale
801,1601,15.0,2023-01-01,Assigned,2023-12-08,Stale
802,1602,14.0,2022-10-15,Assigned,2025-01-25,Warm
803,1603,,,Unassigned,,No Coverage
804,1604,16.0,2023-12-31,Assigned,,Stale
805,1605,,,Unassigned,,No Coverage
806,1606,14.0,2023-01-10,Assigned,,Stale
807,1607,16.0,2023-07-04,Assigned,,Stale
808,1608,14.0,2022-06-08,Assigned,2025-01-24,Warm
809,1609,15.0,2022-09-07,Assigned,2024-01-17,Stale
810,1610,15.0,2023-09-23,Assigned,2025-02-01,Active
811,1611,15.0,2023-11-15,Assigned,,Stale
812,1612,15.0,2022-04-21,Assigned,2024-08-21,Stale
813,1613,16.0,2023-04-25,Assigned,,Stale
814,1614,14.0,2022-07-14,Assigned,2024-06-06,Stale
815,1615,15.0,2024-02-19,Assigned,,Stale
816,1616,16.0,2023-04-25,Assigned,2024-07-24,Stale
817,1617,14.0,2023-02-21,Assigned,2024-07-20,Stale
818,1618,,,Unassigned,,No Coverage
819,1619,16.0,2022-10-19,Assigned,2023-07-10,Stale
820,1620,15.0,2022-07-12,Assigned,,Stale
821,1621,14.0,2023-06-13,Assigned,2024-08-30,Stale
822,1622,15.0,2023-08-20,Assigned,2023-11-13,Stale
823,1623,,,Unassigned,,No Coverage
824,1624,16.0,2024-04-05,Assigned,,Stale
825,1625,14.0,2022-09-12,Assigned,2023-05-30,Stale
826,1626,16.0,2023-01-01,Assigned,2023-03-10,Stale
827,1627,15.0,2022-04-29,Assigned,2024-03-05,Stale
828,1628,16.0,2024-06-14,Assigned,2024-07-02,Stale
829,1629,,,Unassigned,,No Coverage
830,1630,,,Unassigned,,No Coverage
831,1631,16.0,2023-04-01,Assigned,,Stale
832,1632,15.0,2024-01-19,Assigned,2024-03-09,Stale
833,1633,15.0,2022-10-26,Assigned,2023-11-09,Stale
834,1634,14.0,2022-07-07,Assigned,2024-01-22,Stale
835,1635,14.0,2024-05-16,Assigned,2024-12-28,Warm
836,1636,15.0,2023-10-03,Assigned,2024-06-03,Stale
837,1637,,,Unassigned,,No Coverage
838,1638,16.0,2023-03-31,Assigned,2024-08-07,Stale
839,1639,14.0,2022-12-11,Assigned,,Stale
840,1640,,,Unassigned,,No Coverage
841,1641,14.0,2022-12-30,Assigned,2024-10-13,Stale
842,1642,14.0,2024-01-16,Assigned,,Stale
843,1643,15.0,2023-08-06,Assigned,,Stale
844,1644,16.0,2024-06-04,Assigned,,Stale
845,1645,15.0,2024-02-18,Assigned,2024-10-08,Stale
846,1646,15.0,2023-02-02,Assigned,2024-04-01,Stale
847,1647,15.0,2023-01-23,Assigned,2023-08-11,Stale
848,1648,15.0,2024-01-12,Assigned,,Stale
849,1649,14.0,2022-09-18,Assigned,2023-12-27,Stale
850,1650,,,Unassigned,,No Coverage
851,1651,16.0,2022-11-18,Assigned,2023-01-18,Stale
852,1652,15.0,2023-10-03,Assigned,2024-01-12,Stale
853,1653,,,Unassigned,,No Coverage
854,1654,14.0,2024-04-03,Assigned,,Stale
855,1655,,,Unassigned,,No Coverage
856,1656,16.0,2023-03-08,Assigned,2024-02-06,Stale
857,1657,,,Unassigned,,No Coverage
858,1658,15.0,2022-05-26,Assigned,,Stale
859,1659,,,Unassigned,,No Coverage
860,1660,14.0,2023-10-26,Assigned,2024-06-29,Stale
861,1661,15.0,2023-03-03,Assigned,2023-04-12,Stale
862,1662,15.0,2024-02-14,Assigned,2024-05-23,Stale
863,1663,16.0,2023-08-21,Assigned,2024-06-27,Stale
864,1664,14.0,2022-01-22,Assigned,,Stale
865,1665,16.0,2022-08-01,Assigned,2022-10-18,Stale
866,1666,15.0,2024-04-14,Assigned,2024-05-10,Stale
867,1667,,,Unassigned,,No Coverage
868,1668,15.0,2024-06-22,Assigned,2024-12-27,Warm
869,1669,15.0,2022-02-08,Assigned,,Stale
870,1670,16.0,2023-07-21,Assigned,2023-09-13,Stale
871,1671,14.0,2022-02-24,Assigned,2023-07-09,Stale
872,1672,16.0,2023-09-11,Assigned,2024-01-06,Stale
873,1673,14.0,2023-04-13,Assigned,2025-02-23,Active
874,1674,16.0,2022-01-25,Assigned,2023-02-28,Stale
875,1675,16.0,2024-01-08,Assigned,2024-09-25,Stale
876,1676,15.0,2024-01-11,Assigned,2025-01-08,Warm
877,1677,16.0,2022-09-08,Assigned,,Stale
878,1678,15.0,2022-02-28,Assigned,2024-12-21,Warm
879,1679,,,Unassigned,,No Coverage
880,1680,15.0,2022-02-04,Assigned,2024-07-28,Stale
881,1681,14.0,2022-09-03,Assigned,2022-11-21,Stale
882,1682,16.0,2023-05-14,Assigned,,Stale
883,1683,,,Unassigned,,No Coverage
884,1684,15.0,2022-09-27,Assigned,2025-02-05,Active
885,1685,,,Unassigned,,No Coverage
886,1686,15.0,2022-02-10,Assigned,2023-09-08,Stale
887,1687,16.0,2024-03-16,Assigned,2024-06-20,Stale
888,1688,15.0,2022-10-31,Assigned,2023-10-13,Stale
889,1689,14.0,2023-07-04,Assigned,2023-09-15,Stale
890,1690,,,Unassigned,,No Coverage
891,1691,,,Unassigned,,No Coverage
892,1692,14.0,2023-03-27,Assigned,2023-04-28,Stale
893,1693,14.0,2024-03-27,Assigned,2025-01-17,Warm
894,1694,,,Unassigned,,No Coverage
895,1695,15.0,2023-05-23,Assigned,2024-09-04,Stale
896,1696,,,Unassigned,,No Coverage
897,1697,14.0,2023-09-11,Assigned,2024-03-19,Stale
898,1698,14.0,2023-10-15,Assigned,2024-11-20,Stale
899,1699,16.0,2022-08-16,Assigned,,Stale
900,1700,14.0,2022-12-24,Assigned,,Stale
901,1701,15.0,2022-10-27,Assigned,2024-12-29,Warm
902,1702,,,Unassigned,,No Coverage
903,1703,14.0,2023-01-14,Assigned,,Stale
904,1704,14.0,2022-08-05,Assigned,2023-12-28,Stale
905,1705,16.0,2022-03-06,Assigned,,Stale
906,1706,16.0,2023-12-15,Assigned,,Stale
907,1707,14.0,2022-11-08,Assigned,2024-09-11,Stale
908,1708,16.0,2023-06-06,Assigned,,Stale
909,1709,14.0,2022-02-06,Assigned,2022-09-25,Stale
910,1710,,,Unassigned,,No Coverage
911,1711,16.0,2023-02-03,Assigned,2023-09-23,Stale
912,1712,15.0,2023-04-06,Assigned,2023-05-18,Stale
913,1713,14.0,2022-12-09,Assigned,,Stale
914,1714,16.0,2023-08-26,Assigned,,Stale
915,1715,,,Unassigned,,No Coverage
916,1716,15.0,2022-05-21,Assigned,,Stale
917,1717,16.0,2023-07-20,Assigned,,Stale
918,1718,,,Unassigned,,No Coverage
919,1719,15.0,2022-04-29,Assigned,2025-02-02,Active
920,1720,14.0,2024-06-06,Assigned,2024-08-05,Stale
921,1721,16.0,2022-10-26,Assigned,2024-06-07,Stale
922,1722,,,Unassigned,,No Coverage
923,1723,15.0,2023-04-27,Assigned,2024-07-27,Stale
924,1724,14.0,2022-12-26,Assigned,2024-09-25,Stale
925,1725,15.0,2023-11-05,Assigned,2024-05-17,Stale
926,1726,15.0,2023-09-14,Assigned,2024-04-25,Stale
927,1727,,,Unassigned,,No Coverage
928,1728,,,Unassigned,,No Coverage
929,1729,15.0,2022-10-15,Assigned,,Stale
930,1730,15.0,2024-04-29,Assigned,2024-11-22,Stale
931,1731,14.0,2023-02-03,Assigned,2024-09-11,Stale
932,1732,15.0,2023-05-03,Assigned,,Stale
933,1733,16.0,2022-09-01,Assigned,2023-06-26,Stale
934,1734,15.0,2023-06-23,Assigned,2024-09-14,Stale
935,1735,16.0,2023-05-09,Assigned,,Stale
936,1736,14.0,2022-06-01,Assigned,2024-05-21,Stale
937,1737,16.0,2022-12-26,Assigned,,Stale
938,1738,16.0,2023-10-29,Assigned,2024-02-08,Stale
939,1739,16.0,2023-10-29,Assigned,2024-04-19,Stale
940,1740,16.0,2023-01-24,Assigned,2023-09-24,Stale
941,1741,15.0,2023-05-30,Assigned,2023-06-12,Stale
942,1742,15.0,2023-11-04,Assigned,,Stale
943,1743,,,Unassigned,,No Coverage
944,1744,14.0,2022-10-24,Assigned,2024-01-09,Stale
945,1745,15.0,2023-05-29,Assigned,2023-06-12,Stale
946,1746,16.0,2023-07-17,Assigned,,Stale
947,1747,15.0,2023-06-09,Assigned,2025-01-06,Warm
948,1748,15.0,2022-11-01,Assigned,2024-05-08,Stale
949,1749,,,Unassigned,,No Coverage
950,1750,14.0,2024-06-12,Assigned,2024-08-15,Stale
951,1751,14.0,2022-04-30,Assigned,2023-09-30,Stale
952,1752,,,Unassigned,,No Coverage
953,1753,16.0,2022-12-14,Assigned,2023-12-05,Stale
954,1754,15.0,2022-02-16,Assigned,,Stale
955,1755,16.0,2024-03-13,Assigned,2024-11-20,Stale
956,1756,15.0,2022-08-01,Assigned,2024-11-26,Stale
957,1757,14.0,2023-01-21,Assigned,,Stale
958,1758,15.0,2023-09-10,Assigned,2024-12-22,Warm
959,1759,15.0,2024-01-18,Assigned,,Stale
960,1760,16.0,2024-06-14,Assigned,2024-12-10,Warm
961,1761,16.0,2023-09-16,Assigned,2024-05-14,Stale
962,1762,15.0,2023-09-12,Assigned,2024-07-21,Stale
963,1763,14.0,2023-01-27,Assigned,2023-10-18,Stale
964,1764,14.0,2023-03-24,Assigned,,Stale
965,1765,16.0,2023-10-15,Assigned,,Stale
966,1766,15.0,2022-05-13,Assigned,,Stale
967,1767,16.0,2024-03-30,Assigned,2024-10-31,Stale
968,1768,14.0,2022-09-11,Assigned,,Stale
969,1769,,,Unassigned,,No Coverage
970,1770,16.0,2024-03-31,Assigned,,Stale
971,1771,15.0,2023-12-26,Assigned,,Stale
972,1772,14.0,2022-12-08,Assigned,2024-12-26,Warm
973,1773,14.0,2023-04-26,Assigned,2024-03-25,Stale
974,1774,16.0,2023-04-03,Assigned,2023-09-22,Stale
975,1775,14.0,2023-10-14,Assigned,2024-10-27,Stale
976,1776,15.0,2022-11-26,Assigned,2024-11-27,Stale
977,1777,16.0,2024-05-18,Assigned,,Stale
978,1778,15.0,2022-07-19,Assigned,,Stale
979,1779,15.0,2022-11-19,Assigned,2024-12-24,Warm
980,1780,14.0,2023-09-16,Assigned,2023-12-02,Stale
981,1781,,,Unassigned,,No Coverage
982,1782,,,Unassigned,,No Coverage
983,1783,,,Unassigned,,No Coverage
984,1784,14.0,2023-01-09,Assigned,2023-10-29,Stale
985,1785,14.0,2022-01-21,Assigned,2024-09-23,Stale
986,1786,15.0,2023-02-08,Assigned,2025-02-16,Active
987,1787,14.0,2023-01-01,Assigned,2023-04-15,Stale
988,1788,16.0,2024-04-10,Assigned,2024-05-11,Stale
989,1789,16.0,2022-03-13,Assigned,,Stale
990,1790,15.0,2023-05-29,Assigned,2024-10-10,Stale
991,1791,15.0,2022-06-14,Assigned,2024-12-14,Warm
992,1792,15.0,2022-03-01,Assigned,,Stale
993,1793,15.0,2023-04-16,Assigned,2024-07-17,Stale
994,1794,16.0,2024-05-29,Assigned,2024-11-30,Stale
995,1795,15.0,2024-02-01,Assigned,2024-03-24,Stale
996,1796,15.0,2024-03-24,Assigned,,Stale
997,1797,16.0,2024-06-13,Assigned,2024-12-06,Warm
998,1798,14.0,2024-03-18,Assigned,2024-11-09,Stale
999,1799,16.0,2022-06-01,Assigned,,Stale
1000,1800,14.0,2024-04-08,Assigned,,Stale
1001,1081,13.0,2024-04-17,Assigned,2024-05-16,Stale
1002,1082,13.0,2024-01-01,Assigned,2024-08-27,Stale
1003,1083,13.0,2022-07-19,Assigned,2025-01-31,Active
1004,1084,12.0,2023-12-02,Assigned,2023-12-06,Stale
1005,1085,13.0,2024-06-29,Assigned,2024-07-30,Stale
1006,1086,13.0,2022-04-12,Assigned,2022-04-14,Stale
1007,1087,12.0,2023-08-10,Assigned,2024-10-27,Stale
1008,1088,12.0,2022-01-07,Assigned,2024-03-23,Stale
1009,1089,12.0,2023-01-25,Assigned,2023-12-02,Stale
1010,1090,13.0,2022-04-07,Assigned,2023-07-30,Stale
1011,1091,11.0,2022-01-15,Assigned,2022-12-24,Stale
1012,1092,12.0,2024-06-14,Assigned,2024-08-11,Stale
1013,1093,13.0,2023-06-22,Assigned,2023-07-17,Stale
1014,1094,11.0,2023-02-18,Assigned,2024-06-11,Stale
1015,1095,11.0,2023-05-25,Assigned,2024-06-10,Stale
1016,1096,12.0,2022-06-07,Assigned,2023-02-13,Stale
1017,1097,11.0,2024-01-15,Assigned,2024-09-26,Stale
1018,1098,12.0,2022-08-10,Assigned,2024-11-08,Stale
1019,1099,11.0,2023-12-27,Assigned,2024-11-22,Stale
1020,1100,13.0,2023-04-19,Assigned,2024-05-19,Stale
1021,1101,13.0,2022-09-30,Assigned,2024-06-27,Stale
1022,1102,11.0,2024-01-26,Assigned,2025-01-02,Warm
1023,1103,11.0,2022-09-16,Assigned,2023-07-07,Stale
1024,1104,13.0,2022-04-15,Assigned,2025-01-25,Warm
1025,1105,11.0,2023-03-31,Assigned,2023-12-06,Stale
1026,1106,11.0,2023-02-10,Assigned,2025-02-04,Active
1027,1107,11.0,2024-01-21,Assigned,2024-04-28,Stale
1028,1108,13.0,2024-02-19,Assigned,2024-06-08,Stale
1029,1109,12.0,2023-04-07,Assigned,2024-10-14,Stale
1030,1110,13.0,2023-11-01,Assigned,2024-12-31,Warm
1031,1111,13.0,2022-03-07,Assigned,2022-08-06,Stale
1032,1112,12.0,2023-05-25,Assigned,2025-01-01,Warm
1033,1113,13.0,2023-08-18,Assigned,2024-11-16,Stale
1034,1114,13.0,2023-10-08,Assigned,2024-11-15,Stale
1035,1115,11.0,2024-04-18,Assigned,2024-10-04,Stale
1036,1116,11.0,2023-05-16,Assigned,2024-05-11,Stale
1037,1117,12.0,2022-02-21,Assigned,2023-02-26,Stale
1038,1118,,,Unassigned,,No Coverage
1039,1119,13.0,2023-11-22,Assigned,2024-08-02,Stale
1040,1120,12.0,2023-05-21,Assigned,2024-05-12,Stale
1041,1121,11.0,2023-06-16,Assigned,2024-04-30,Stale
1042,1122,13.0,2022-01-15,Assigned,2024-04-26,Stale
1043,1123,13.0,2024-02-02,Assigned,2024-06-20,Stale
1044,1124,13.0,2023-06-14,Assigned,2025-02-07,Active
1045,1125,12.0,2022-01-15,Assigned,2023-02-04,Stale
1046,1126,11.0,2022-12-29,Assigned,2024-04-01,Stale
1047,1127,12.0,2023-04-21,Assigned,2024-06-13,Stale
1048,1128,11.0,2022-12-26,Assigned,2023-05-24,Stale
1049,1129,12.0,2023-09-28,Assigned,2024-07-01,Stale
1050,1130,12.0,2022-10-10,Assigned,2022-12-10,Stale
1051,1131,13.0,2024-03-18,Assigned,2024-12-22,Warm
1052,1132,11.0,2024-01-11,Assigned,2024-02-21,Stale
1053,1133,12.0,2023-07-13,Assigned,2024-03-16,Stale
1054,1134,12.0,2022-07-08,Assigned,2025-02-12,Active
1055,1135,13.0,2022-11-12,Assigned,2024-06-19,Stale
1056,1136,13.0,2022-11-09,Assigned,2024-01-20,Stale
1057,1137,13.0,2022-10-12,Assigned,2023-12-21,Stale
1058,1138,11.0,2022-04-11,Assigned,2023-04-19,Stale
1059,1139,11.0,2024-01-26,Assigned,2024-02-21,Stale
1060,1140,11.0,2024-01-26,Assigned,2024-02-17,Stale
1061,1141,13.0,2023-02-22,Assigned,2023-12-15,Stale
1062,1142,12.0,2023-02-16,Assigned,2023-11-16,Stale
1063,1143,13.0,2022-01-24,Assigned,2024-05-28,Stale
1064,1144,11.0,2023-10-27,Assigned,2024-07-17,Stale
1065,1145,12.0,2022-07-18,Assigned,2022-12-03,Stale
1066,1146,11.0,2024-01-27,Assigned,2024-12-05,Warm
1067,1147,11.0,2024-05-14,Assigned,2024-06-19,Stale
1068,1148,12.0,2022-05-02,Assigned,2024-08-23,Stale
1069,1149,11.0,2023-03-06,Assigned,2024-10-18,Stale
1070,1150,11.0,2023-06-14,Assigned,2023-11-06,Stale
1071,1151,13.0,2024-04-23,Assigned,2024-09-17,Stale
1072,1152,11.0,2023-11-05,Assigned,2024-12-22,Warm
1073,1153,11.0,2022-09-18,Assigned,2023-05-19,Stale
1074,1154,13.0,2022-09-02,Assigned,2025-01-27,Warm
1075,1155,13.0,2023-10-17,Assigned,2024-08-25,Stale
1076,1156,11.0,2022-09-24,Assigned,2023-02-12,Stale
1077,1157,12.0,2023-11-22,Assigned,2023-11-23,Stale
1078,1158,12.0,2024-06-03,Assigned,2024-08-17,Stale
1079,1159,13.0,2024-03-29,Assigned,2024-12-18,Warm
1080,1160,12.0,2023-04-05,Assigned,2023-06-10,Stale
1081,1161,13.0,2023-12-11,Assigned,2024-01-29,Stale
1082,1162,11.0,2024-01-07,Assigned,2024-11-27,Stale
1083,1163,12.0,2022-04-22,Assigned,2023-02-27,Stale
1084,1164,13.0,2024-05-25,Assigned,2024-06-20,Stale
1085,1165,12.0,2022-03-07,Assigned,2022-08-17,Stale
1086,1166,12.0,2024-04-27,Assigned,2024-05-05,Stale
1087,1167,11.0,2022-07-09,Assigned,2023-12-10,Stale
1088,1168,13.0,2022-02-26,Assigned,2024-12-08,Warm
1089,1169,12.0,2024-05-28,Assigned,2025-01-12,Warm
1090,1170,11.0,2023-05-09,Assigned,2023-11-26,Stale
1091,1171,13.0,2024-06-05,Assigned,2024-07-03,Stale
1092,1172,11.0,2023-11-30,Assigned,2024-05-26,Stale
1093,1173,11.0,2023-12-09,Assigned,2024-08-21,Stale
1094,1174,12.0,2024-06-16,Assigned,2024-11-29,Stale
1095,1175,12.0,2023-01-08,Assigned,2023-07-28,Stale
1096,1176,12.0,2022-11-22,Assigned,2023-07-02,Stale
1097,1177,13.0,2023-02-26,Assigned,2023-12-03,Stale
1098,1178,12.0,2023-03-07,Assigned,2023-07-14,Stale
1099,1179,12.0,2023-09-16,Assigned,2024-12-09,Warm
1100,1180,11.0,2022-06-17,Assigned,2024-05-15,Stale
1101,1181,11.0,2024-01-02,Assigned,2025-02-28,Active
1102,1182,12.0,2024-03-14,Assigned,2024-09-09,Stale
1103,1183,12.0,2023-10-25,Assigned,2024-05-05,Stale
1104,1184,13.0,2022-11-01,Assigned,2024-05-17,Stale
1105,1185,11.0,2023-10-29,Assigned,2024-03-01,Stale
1106,1186,13.0,2024-06-17,Assigned,2025-02-08,Active
1107,1187,13.0,2023-02-03,Assigned,2024-09-07,Stale
1108,1188,12.0,2022-07-17,Assigned,2022-08-17,Stale
1109,1189,13.0,2022-12-05,Assigned,2024-12-14,Warm
1110,1190,13.0,2023-09-16,Assigned,2024-05-28,Stale
1111,1191,11.0,2022-10-03,Assigned,2023-10-31,Stale
1112,1192,11.0,2022-10-13,Assigned,2022-11-14,Stale
1113,1193,12.0,2022-04-19,Assigned,2024-03-17,Stale
1114,1194,11.0,2022-05-04,Assigned,2024-11-12,Stale
1115,1195,13.0,2024-05-12,Assigned,2024-12-14,Warm
1116,1196,13.0,2023-01-29,Assigned,2024-01-16,Stale
1117,1197,13.0,2024-03-16,Assigned,2024-06-15,Stale
1118,1198,12.0,2024-04-11,Assigned,2024-11-27,Stale
1119,1199,12.0,2023-09-26,Assigned,2024-12-23,Warm
1120,1200,13.0,2023-08-13,Assigned,2023-09-07,Stale
1121,1201,12.0,2022-05-20,Assigned,2024-03-25,Stale
1122,1202,13.0,2024-02-21,Assigned,2024-09-20,Stale
1123,1203,11.0,2022-01-04,Assigned,2024-07-11,Stale
1124,1204,12.0,2024-05-16,Assigned,2024-12-12,Warm
1125,1205,13.0,2024-05-15,Assigned,2024-06-23,Stale
1126,1206,13.0,2022-03-11,Assigned,2023-06-02,Stale
1127,1207,13.0,2023-11-18,Assigned,2025-02-20,Active
1128,1208,11.0,2023-06-18,Assigned,2023-07-20,Stale
1129,1209,11.0,2024-03-26,Assigned,2024-06-26,Stale
1130,1210,13.0,2024-02-26,Assigned,2024-11-14,Stale
1131,1211,12.0,2022-05-26,Assigned,2024-01-05,Stale
1132,1212,11.0,2024-05-09,Assigned,2025-01-27,Warm
1133,1213,13.0,2022-05-29,Assigned,2023-10-19,Stale
1134,1214,11.0,2024-02-02,Assigned,2024-09-16,Stale
1135,1215,12.0,2024-05-01,Assigned,2024-08-30,Stale
1136,1216,13.0,2022-01-21,Assigned,2022-07-15,Stale
1137,1217,13.0,2023-05-16,Assigned,2025-02-02,Active
1138,1218,12.0,2023-04-28,Assigned,2024-04-25,Stale
1139,1219,13.0,2023-03-11,Assigned,2025-01-13,Warm
1140,1220,13.0,2023-07-09,Assigned,2023-09-03,Stale
1141,1221,11.0,2024-06-05,Assigned,2024-08-15,Stale
1142,1222,12.0,2023-04-29,Assigned,2024-11-11,Stale
1143,1223,11.0,2022-01-23,Assigned,2025-02-23,Active
1144,1224,13.0,2023-01-03,Assigned,2024-12-31,Warm
1145,1225,12.0,2023-10-10,Assigned,2024-04-21,Stale
1146,1226,13.0,2023-08-17,Assigned,2024-05-13,Stale
1147,1227,12.0,2023-02-17,Assigned,2024-06-06,Stale
1148,1228,11.0,2023-12-22,Assigned,2024-08-03,Stale
1149,1229,13.0,2022-02-23,Assigned,2023-02-07,Stale
1150,1230,12.0,2023-09-29,Assigned,2024-04-29,Stale
1151,1231,13.0,2023-01-22,Assigned,2023-04-25,Stale
1152,1232,13.0,2023-11-30,Assigned,2024-12-14,Warm
1153,1233,12.0,2023-04-12,Assigned,2025-02-27,Active
1154,1234,11.0,2022-03-14,Assigned,2022-12-04,Stale
1155,1235,12.0,2024-01-13,Assigned,2024-02-25,Stale
1156,1236,11.0,2022-07-09,Assigned,2024-03-18,Stale
1157,1237,,,Unassigned,,No Coverage
1158,1238,,,Unassigned,,No Coverage
1159,1239,12.0,2022-10-20,Assigned,2023-07-04,Stale
1160,1240,,,Unassigned,,No Coverage
1161,1241,13.0,2022-08-06,Assigned,2022-09-08,Stale
1162,1242,12.0,2022-07-18,Assigned,2024-12-26,Warm
1163,1243,11.0,2023-08-31,Assigned,2024-05-08,Stale
1164,1244,11.0,2024-04-30,Assigned,2024-07-18,Stale
1165,1245,11.0,2023-03-24,Assigned,2024-05-24,Stale
1166,1246,12.0,2022-06-23,Assigned,2024-08-01,Stale
1167,1247,12.0,2024-02-15,Assigned,2024-07-31,Stale
1168,1248,13.0,2024-01-18,Assigned,2024-09-05,Stale
1169,1249,12.0,2024-06-04,Assigned,2024-09-08,Stale
1170,1250,12.0,2024-01-19,Assigned,2024-06-07,Stale
1171,1251,11.0,2023-08-12,Assigned,2023-12-25,Stale
1172,1252,12.0,2023-01-27,Assigned,2024-08-08,Stale
1173,1253,12.0,2023-02-13,Assigned,2023-06-02,Stale
1174,1254,13.0,2022-04-08,Assigned,2023-06-06,Stale
1175,1255,11.0,2022-12-13,Assigned,2024-11-30,Stale
1176,1256,11.0,2024-03-09,Assigned,2024-09-01,Stale
1177,1257,13.0,2022-01-21,Assigned,2022-04-24,Stale
1178,1258,12.0,2022-11-05,Assigned,2023-08-01,Stale
1179,1259,11.0,2024-02-15,Assigned,2024-10-12,Stale
1180,1260,12.0,2023-12-04,Assigned,2024-05-29,Stale
1181,1261,13.0,2024-04-27,Assigned,2024-09-06,Stale
1182,1262,12.0,2024-04-26,Assigned,2024-12-01,Stale
1183,1263,11.0,2023-09-06,Assigned,2025-01-14,Warm
1184,1264,11.0,2022-04-04,Assigned,2023-05-18,Stale
1185,1265,13.0,2022-05-27,Assigned,2024-02-03,Stale
1186,1266,12.0,2022-05-25,Assigned,2024-02-29,Stale
1187,1267,13.0,2023-01-02,Assigned,2023-10-18,Stale
1188,1268,13.0,2023-04-08,Assigned,2024-05-12,Stale
1189,1269,13.0,2023-11-10,Assigned,2024-10-13,Stale
1190,1270,12.0,2024-01-10,Assigned,2024-11-15,Stale
1191,1271,12.0,2022-03-04,Assigned,2024-03-03,Stale
1192,1272,11.0,2023-04-02,Assigned,2024-08-28,Stale
1193,1273,13.0,2023-06-06,Assigned,2024-10-11,Stale
1194,1274,12.0,2022-02-27,Assigned,2023-02-23,Stale
1195,1275,13.0,2023-08-24,Assigned,2023-09-30,Stale
1196,1276,11.0,2024-06-11,Assigned,2024-12-29,Warm
1197,1277,13.0,2022-07-12,Assigned,2023-06-12,Stale
1198,1278,11.0,2024-01-10,Assigned,2024-11-25,Stale
1199,1279,11.0,2022-11-25,Assigned,2023-05-30,Stale
1200,1280,13.0,2023-11-06,Assigned,2024-10-27,Stale
1201,1281,,,Unassigned,,No Coverage
1202,1282,12.0,2023-09-15,Assigned,2024-01-28,Stale
1203,1283,,,Unassigned,,No Coverage
1204,1284,12.0,2023-05-27,Assigned,2024-02-20,Stale
1205,1285,13.0,2023-08-03,Assigned,2024-05-29,Stale
1206,1286,13.0,2023-09-19,Assigned,2024-07-22,Stale
1207,1287,13.0,2023-04-24,Assigned,2024-02-09,Stale
1208,1288,12.0,2023-02-07,Assigned,2023-12-16,Stale
1209,1289,12.0,2023-01-10,Assigned,2024-08-02,Stale
1210,1290,12.0,2022-05-15,Assigned,2023-05-10,Stale
1211,1291,11.0,2023-07-08,Assigned,2024-05-05,Stale
1212,1292,13.0,2022-01-05,Assigned,2022-10-05,Stale
1213,1293,12.0,2022-02-07,Assigned,2022-07-29,Stale
1214,1294,11.0,2022-05-02,Assigned,2024-01-01,Stale
1215,1295,12.0,2023-11-12,Assigned,2025-01-05,Warm
1216,1296,11.0,2024-03-05,Assigned,2024-05-10,Stale
1217,1297,11.0,2022-08-22,Assigned,2023-01-23,Stale
1218,1298,11.0,2022-02-25,Assigned,2023-09-29,Stale
1219,1299,11.0,2023-09-22,Assigned,2024-04-21,Stale
1220,1300,11.0,2022-11-15,Assigned,2025-01-26,Warm
1221,1301,11.0,2024-06-24,Assigned,2024-11-30,Stale
1222,1302,11.0,2024-05-30,Assigned,2025-02-26,Active
1223,1303,11.0,2022-05-26,Assigned,2023-08-12,Stale
1224,1304,11.0,2023-10-04,Assigned,2024-11-26,Stale
1225,1305,11.0,2022-12-24,Assigned,2024-11-27,Stale
1226,1306,11.0,2023-08-09,Assigned,2025-01-13,Warm
1227,1307,,,Unassigned,,No Coverage
1228,1308,,,Unassigned,,No Coverage
1229,1309,,,Unassigned,,No Coverage
1230,1310,,,Unassigned,,No Coverage
1231,1311,,,Unassigned,,No Coverage
1232,1312,,,Unassigned,,No Coverage
1233,1313,,,Unassigned,,No Coverage
1234,1314,,,Unassigned,,No Coverage
1235,1315,,,Unassigned,,No Coverage
1236,1316,,,Unassigned,,No Coverage
1237,1317,,,Unassigned,,No Coverage
1238,1318,,,Unassigned,,No Coverage
1239,1319,,,Unassigned,,No Coverage
1240,1320,,,Unassigned,,No Coverage
1241,1321,,,Unassigned,,No Coverage
1242,1322,,,Unassigned,,No Coverage
1243,1323,,,Unassigned,,No Coverage
1244,1324,,,Unassigned,,No Coverage
1245,1325,,,Unassigned,,No Coverage
1246,1326,,,Unassigned,,No Coverage
1247,1327,,,Unassigned,,No Coverage
1248,1328,,,Unassigned,,No Coverage
1249,1329,,,Unassigned,,No Coverage
1250,1330,,,Unassigned,,No Coverage
1251,1331,,,Unassigned,,No Coverage
1252,1332,,,Unassigned,,No Coverage
1253,1333,,,Unassigned,,No Coverage
1254,1334,,,Unassigned,,No Coverage
1255,1335,,,Unassigned,,No Coverage
1256,1336,,,Unassigned,,No Coverage
1257,1337,,,Unassigned,,No Coverage
1258,1338,,,Unassigned,,No Coverage
1259,1339,,,Unassigned,,No Coverage
1260,1340,,,Unassigned,,No Coverage
1261,1341,,,Unassigned,,No Coverage
1262,1342,,,Unassigned,,No Coverage
1263,1343,,,Unassigned,,No Coverage
1264,1344,,,Unassigned,,No Coverage
1265,1345,,,Unassigned,,No Coverage
1266,1346,,,Unassigned,,No Coverage
1267,1347,,,Unassigned,,No Coverage
1268,1348,,,Unassigned,,No Coverage
1269,1349,,,Unassigned,,No Coverage
1270,1350,,,Unassigned,,No Coverage
1271,1351,,,Unassigned,,No Coverage
1272,1352,,,Unassigned,,No Coverage
1273,1353,,,Unassigned,,No Coverage
1274,1354,,,Unassigned,,No Coverage
1275,1355,,,Unassigned,,No Coverage
1276,1356,,,Unassigned,,No Coverage
1277,1357,,,Unassigned,,No Coverage
1278,1358,,,Unassigned,,No Coverage
1279,1359,,,Unassigned,,No Coverage
1280,1360,,,Unassigned,,No Coverage
1281,1361,,,Unassigned,,No Coverage
1282,1362,,,Unassigned,,No Coverage
1283,1363,,,Unassigned,,No Coverage
1284,1364,,,Unassigned,,No Coverage
1285,1365,,,Unassigned,,No Coverage
1286,1366,,,Unassigned,,No Coverage
1287,1367,,,Unassigned,,No Coverage
1288,1368,,,Unassigned,,No Coverage
1289,1369,,,Unassigned,,No Coverage
1290,1370,,,Unassigned,,No Coverage
1291,1371,,,Unassigned,,No Coverage
1292,1372,,,Unassigned,,No Coverage
1293,1373,,,Unassigned,,No Coverage
1294,1374,,,Unassigned,,No Coverage
1295,1375,,,Unassigned,,No Coverage
1296,1376,,,Unassigned,,No Coverage
1297,1377,,,Unassigned,,No Coverage
1298,1378,,,Unassigned,,No Coverage
1299,1379,,,Unassigned,,No Coverage
1300,1380,,,Unassigned,,No Coverage
1301,1381,,,Unassigned,,No Coverage
1302,1382,,,Unassigned,,No Coverage
1303,1383,,,Unassigned,,No Coverage
1304,1384,,,Unassigned,,No Coverage
1305,1385,,,Unassigned,,No Coverage
1306,1386,,,Unassigned,,No Coverage
1307,1387,,,Unassigned,,No Coverage
1308,1388,,,Unassigned,,No Coverage
1309,1389,,,Unassigned,,No Coverage
1310,1390,,,Unassigned,,No Coverage
1311,1391,,,Unassigned,,No Coverage
1312,1392,,,Unassigned,,No Coverage
1313,1393,,,Unassigned,,No Coverage
1314,1394,,,Unassigned,,No Coverage
1315,1395,,,Unassigned,,No Coverage
1316,1396,,,Unassigned,,No Coverage
1317,1397,,,Unassigned,,No Coverage
1318,1398,,,Unassigned,,No Coverage
1319,1399,,,Unassigned,,No Coverage
1320,1400,,,Unassigned,,No Coverage
1321,1401,,,Unassigned,,No Coverage
1322,1402,,,Unassigned,,No Coverage
1323,1403,,,Unassigned,,No Coverage
1324,1404,,,Unassigned,,No Coverage
1325,1405,,,Unassigned,,No Coverage
1326,1406,,,Unassigned,,No Coverage
1327,1407,,,Unassigned,,No Coverage
1328,1408,,,Unassigned,,No Coverage
1329,1409,,,Unassigned,,No Coverage
1330,1410,,,Unassigned,,No Coverage
1331,1411,,,Unassigned,,No Coverage
1332,1412,,,Unassigned,,No Coverage
1333,1413,,,Unassigned,,No Coverage
1334,1414,,,Unassigned,,No Coverage
1335,1415,,,Unassigned,,No Coverage
1336,1416,,,Unassigned,,No Coverage
1337,1417,,,Unassigned,,No Coverage
1338,1418,,,Unassigned,,No Coverage
1339,1419,,,Unassigned,,No Coverage
1340,1420,,,Unassigned,,No Coverage
1341,1421,,,Unassigned,,No Coverage
1342,1422,,,Unassigned,,No Coverage
1343,1423,,,Unassigned,,No Coverage
1344,1424,,,Unassigned,,No Coverage
1345,1425,,,Unassigned,,No Coverage
1346,1426,,,Unassigned,,No Coverage
1347,1427,,,Unassigned,,No Coverage
1348,1428,,,Unassigned,,No Coverage
1349,1429,,,Unassigned,,No Coverage
1350,1430,,,Unassigned,,No Coverage
1351,1431,,,Unassigned,,No Coverage
1352,1432,,,Unassigned,,No Coverage
1353,1433,,,Unassigned,,No Coverage
1354,1434,,,Unassigned,,No Coverage
1355,1435,,,Unassigned,,No Coverage
1356,1436,,,Unassigned,,No Coverage
1357,1437,,,Unassigned,,No Coverage
1358,1438,,,Unassigned,,No Coverage
1359,1439,,,Unassigned,,No Coverage
1360,1440,,,Unassigned,,No Coverage
1361,1441,,,Unassigned,,No Coverage
1362,1442,,,Unassigned,,No Coverage
1363,1443,,,Unassigned,,No Coverage
1364,1444,,,Unassigned,,No Coverage
1365,1445,,,Unassigned,,No Coverage
1366,1446,,,Unassigned,,No Coverage
1367,1447,,,Unassigned,,No Coverage
1368,1448,,,Unassigned,,No Coverage
1369,1449,,,Unassigned,,No Coverage
1370,1450,,,Unassigned,,No Coverage
1371,1451,,,Unassigned,,No Coverage
1372,1452,,,Unassigned,,No Coverage
1373,1453,,,Unassigned,,No Coverage
1374,1454,,,Unassigned,,No Coverage
1375,1455,,,Unassigned,,No Coverage
1376,1456,,,Unassigned,,No Coverage
1377,1457,,,Unassigned,,No Coverage
1378,1458,,,Unassigned,,No Coverage
1379,1459,,,Unassigned,,No Coverage
1380,1460,,,Unassigned,,No Coverage
1381,1461,,,Unassigned,,No Coverage
1382,1462,,,Unassigned,,No Coverage
1383,1463,,,Unassigned,,No Coverage
1384,1464,,,Unassigned,,No Coverage
1385,1465,,,Unassigned,,No Coverage
1386,1466,,,Unassigned,,No Coverage
1387,1467,,,Unassigned,,No Coverage
1388,1468,,,Unassigned,,No Coverage
1389,1469,,,Unassigned,,No Coverage
1390,1470,,,Unassigned,,No Coverage
1391,1471,,,Unassigned,,No Coverage
1392,1472,,,Unassigned,,No Coverage
1393,1473,,,Unassigned,,No Coverage
1394,1474,,,Unassigned,,No Coverage
1395,1475,,,Unassigned,,No Coverage
1396,1476,,,Unassigned,,No Coverage
1397,1477,,,Unassigned,,No Coverage
1398,1478,,,Unassigned,,No Coverage
1399,1479,,,Unassigned,,No Coverage
1400,1480,,,Unassigned,,No Coverage
1401,1,1.0,2023-11-09,Assigned,2023-12-21,Stale
1402,2,6.0,2022-12-09,Assigned,2023-01-25,Stale
1403,3,3.0,2024-05-29,Assigned,2024-11-15,Stale
1404,4,4.0,2023-11-28,Assigned,2024-06-12,Stale
1405,5,4.0,2023-11-17,Assigned,2024-01-23,Stale
1406,6,6.0,2022-03-22,Assigned,2024-08-11,Stale
1407,7,2.0,2023-08-30,Assigned,2025-02-12,Active
1408,8,2.0,2022-02-28,Assigned,2022-09-26,Stale
1409,9,4.0,2024-05-30,Assigned,2024-08-26,Stale
1410,10,2.0,2023-05-24,Assigned,2023-11-19,Stale
1411,11,6.0,2022-05-07,Assigned,2023-08-24,Stale
1412,12,5.0,2023-07-29,Assigned,2024-11-01,Stale
1413,13,1.0,2022-09-23,Assigned,2025-02-04,Active
1414,14,1.0,2023-02-13,Assigned,2024-02-15,Stale
1415,15,2.0,2022-01-07,Assigned,2024-02-06,Stale
1416,16,6.0,2024-03-20,Assigned,2025-01-01,Warm
1417,17,1.0,2024-03-26,Assigned,2024-11-11,Stale
1418,18,6.0,2022-05-13,Assigned,2024-08-11,Stale
1419,19,1.0,2023-10-30,Assigned,2024-06-30,Stale
1420,20,6.0,2024-05-27,Assigned,2024-10-21,Stale
1421,21,5.0,2023-12-31,Assigned,2024-04-30,Stale
1422,22,1.0,2023-02-28,Assigned,2023-04-01,Stale
1423,23,2.0,2023-07-08,Assigned,2024-07-13,Stale
1424,24,2.0,2023-04-04,Assigned,2024-01-15,Stale
1425,25,4.0,2022-08-04,Assigned,2023-03-26,Stale
1426,26,1.0,2023-10-09,Assigned,2024-12-01,Stale
1427,27,5.0,2022-07-10,Assigned,2023-08-29,Stale
1428,28,2.0,2023-01-23,Assigned,2023-04-28,Stale
1429,29,4.0,2022-02-15,Assigned,2023-11-29,Stale
1430,30,5.0,2023-02-24,Assigned,2025-02-08,Active
1431,31,4.0,2023-06-09,Assigned,2024-09-25,Stale
1432,32,6.0,2024-03-28,Assigned,2025-01-30,Warm
1433,33,2.0,2023-11-07,Assigned,2025-01-09,Warm
1434,34,1.0,2022-11-11,Assigned,2023-03-30,Stale
1435,35,2.0,2024-01-30,Assigned,2025-01-11,Warm
1436,36,1.0,2022-08-03,Assigned,2025-02-07,Active
1437,37,2.0,2023-09-19,Assigned,2024-01-15,Stale
1438,38,5.0,2023-11-13,Assigned,2024-09-04,Stale
1439,39,,,Unassigned,,No Coverage
1440,40,3.0,2023-07-22,Assigned,2025-02-17,Active
1441,41,3.0,2023-04-27,Assigned,2023-12-06,Stale
1442,42,3.0,2022-11-26,Assigned,2023-02-04,Stale
1443,43,6.0,2024-05-22,Assigned,2024-09-14,Stale
1444,44,,,Unassigned,,No Coverage
1445,45,,,Unassigned,,No Coverage
1446,46,1.0,2022-07-06,Assigned,2024-07-19,Stale
1447,47,3.0,2024-05-07,Assigned,2024-11-24,Stale
1448,48,4.0,2024-06-24,Assigned,2025-02-21,Active
1449,49,2.0,2022-02-27,Assigned,2022-12-07,Stale
1450,50,5.0,2023-06-18,Assigned,2023-09-14,Stale
1451,51,6.0,2024-04-10,Assigned,2024-04-11,Stale
1452,52,3.0,2022-04-02,Assigned,2023-04-01,Stale
1453,53,3.0,2024-04-22,Assigned,2024-06-19,Stale
1454,54,,,Unassigned,,No Coverage
1455,55,3.0,2022-11-09,Assigned,2022-11-13,Stale
1456,56,3.0,2024-01-12,Assigned,2024-04-21,Stale
1457,57,1.0,2022-01-05,Assigned,2023-06-01,Stale
1458,58,4.0,2023-01-11,Assigned,2023-04-08,Stale
1459,59,1.0,2022-05-18,Assigned,2023-12-14,Stale
1460,60,5.0,2023-05-06,Assigned,2023-10-25,Stale
1461,61,6.0,2024-06-09,Assigned,2024-10-19,Stale
1462,62,5.0,2024-01-31,Assigned,2024-09-27,Stale
1463,63,1.0,2024-04-08,Assigned,2024-12-02,Warm
1464,64,5.0,2024-02-03,Assigned,2025-02-16,Active
1465,65,3.0,2022-08-13,Assigned,2024-02-02,Stale
1466,66,6.0,2023-07-04,Assigned,2024-02-03,Stale
1467,67,4.0,2022-07-09,Assigned,2023-08-30,Stale
1468,68,2.0,2024-03-02,Assigned,2024-09-14,Stale
1469,69,1.0,2023-03-05,Assigned,2024-06-28,Stale
1470,70,5.0,2024-04-29,Assigned,2025-02-15,Active
1471,71,4.0,2024-06-19,Assigned,2024-10-22,Stale
1472,72,6.0,2022-01-25,Assigned,2023-08-26,Stale
1473,73,3.0,2022-07-22,Assigned,2024-04-18,Stale
1474,74,3.0,2022-11-27,Assigned,2023-06-21,Stale
1475,75,3.0,2022-02-17,Assigned,2022-08-27,Stale
1476,76,6.0,2022-01-30,Assigned,2024-07-27,Stale
1477,77,1.0,2022-08-11,Assigned,2022-12-28,Stale
1478,78,1.0,2024-04-16,Assigned,2024-11-20,Stale
1479,79,2.0,2023-01-06,Assigned,2023-06-08,Stale
1480,80,6.0,2023-05-11,Assigned,2024-09-26,Stale
1481,81,3.0,2022-01-26,Assigned,2024-08-01,Stale
1482,82,1.0,2022-09-16,Assigned,2023-05-01,Stale
1483,83,4.0,2022-10-05,Assigned,2024-01-17,Stale
1484,84,5.0,2023-11-23,Assigned,2025-01-01,Warm
1485,85,6.0,2022-04-06,Assigned,2023-02-22,Stale
1486,86,5.0,2022-11-12,Assigned,2023-06-11,Stale
1487,87,6.0,2024-06-28,Assigned,2024-10-28,Stale
1488,88,2.0,2022-06-13,Assigned,2022-11-11,Stale
1489,89,1.0,2022-12-18,Assigned,2023-09-18,Stale
1490,90,3.0,2023-10-11,Assigned,2024-12-30,Warm
1491,91,6.0,2022-07-15,Assigned,2024-11-22,Stale
1492,92,5.0,2023-09-05,Assigned,2023-09-22,Stale
1493,93,2.0,2024-01-12,Assigned,2024-03-09,Stale
1494,94,2.0,2023-04-27,Assigned,2024-10-18,Stale
1495,95,1.0,2022-08-20,Assigned,2023-05-26,Stale
1496,96,6.0,2024-01-24,Assigned,2024-06-10,Stale
1497,97,4.0,2024-05-06,Assigned,2024-11-06,Stale
1498,98,,,Unassigned,,No Coverage
1499,99,6.0,2023-04-10,Assigned,2024-05-10,Stale
1500,100,2.0,2022-12-15,Assigned,2023-12-20,Stale
1501,101,5.0,2023-04-16,Assigned,2023-07-14,Stale
1502,102,5.0,2023-11-11,Assigned,2024-06-24,Stale
1503,103,5.0,2022-08-02,Assigned,2024-01-21,Stale
1504,104,6.0,2024-03-17,Assigned,2024-04-12,Stale
1505,105,1.0,2023-08-26,Assigned,2024-03-06,Stale
1506,106,1.0,2023-05-21,Assigned,2023-05-28,Stale
1507,107,5.0,2022-08-30,Assigned,2024-07-23,Stale
1508,108,4.0,2023-04-13,Assigned,2025-02-08,Active
1509,109,5.0,2024-03-26,Assigned,2024-08-09,Stale
1510,110,1.0,2024-01-10,Assigned,2025-02-14,Active
1511,111,6.0,2022-06-14,Assigned,2022-10-15,Stale
1512,112,5.0,2022-03-25,Assigned,2023-04-08,Stale
1513,113,2.0,2023-09-15,Assigned,2024-02-05,Stale
1514,114,2.0,2022-04-14,Assigned,2023-12-03,Stale
1515,115,1.0,2022-04-27,Assigned,2023-06-26,Stale
1516,116,2.0,2022-04-10,Assigned,2024-11-28,Stale
1517,117,2.0,2022-03-08,Assigned,2022-07-05,Stale
1518,118,5.0,2022-09-07,Assigned,2024-03-19,Stale
1519,119,1.0,2022-09-26,Assigned,2023-04-19,Stale
1520,120,5.0,2022-12-28,Assigned,2023-11-01,Stale
1521,121,4.0,2023-12-28,Assigned,2024-06-28,Stale
1522,122,2.0,2024-01-10,Assigned,2024-03-31,Stale
1523,123,5.0,2024-02-24,Assigned,2024-10-16,Stale
1524,124,2.0,2023-05-13,Assigned,2024-04-09,Stale
1525,125,5.0,2023-03-30,Assigned,2023-12-05,Stale
1526,126,1.0,2022-02-25,Assigned,2023-07-13,Stale
1527,127,4.0,2023-07-29,Assigned,2024-06-26,Stale
1528,128,1.0,2022-01-11,Assigned,2023-02-28,Stale
1529,129,3.0,2022-04-01,Assigned,2023-10-05,Stale
1530,130,6.0,2023-06-05,Assigned,2024-06-02,Stale
1531,131,1.0,2022-03-14,Assigned,2024-10-31,Stale
1532,132,5.0,2023-12-17,Assigned,2024-02-24,Stale
1533,133,2.0,2023-01-23,Assigned,2023-03-11,Stale
1534,134,6.0,2023-01-10,Assigned,2024-04-29,Stale
1535,135,2.0,2022-05-23,Assigned,2024-01-28,Stale
1536,136,5.0,2022-05-22,Assigned,2023-06-12,Stale
1537,137,3.0,2022-12-08,Assigned,2023-08-11,Stale
1538,138,1.0,2023-12-05,Assigned,2024-08-02,Stale
1539,139,4.0,2023-02-27,Assigned,2025-02-11,Active
1540,140,3.0,2023-01-30,Assigned,2024-01-24,Stale
1541,141,5.0,2024-03-20,Assigned,2024-06-29,Stale
1542,142,4.0,2022-12-15,Assigned,2023-03-07,Stale
1543,143,3.0,2023-02-18,Assigned,2023-12-06,Stale
1544,144,3.0,2024-06-28,Assigned,2024-07-21,Stale
1545,145,1.0,2024-04-22,Assigned,2024-11-02,Stale
1546,146,3.0,2024-05-31,Assigned,2024-11-17,Stale
1547,147,3.0,2023-08-07,Assigned,2025-01-24,Warm
1548,148,4.0,2024-06-14,Assigned,2024-12-22,Warm
1549,149,1.0,2023-12-29,Assigned,2024-07-23,Stale
1550,150,4.0,2024-02-08,Assigned,2024-05-17,Stale
1551,151,6.0,2022-01-12,Assigned,2023-02-21,Stale
1552,152,5.0,2024-06-21,Assigned,2024-08-05,Stale
1553,153,6.0,2022-08-13,Assigned,2023-10-02,Stale
1554,154,6.0,2022-12-01,Assigned,2023-10-29,Stale
1555,155,,,Unassigned,,No Coverage
1556,156,3.0,2023-08-23,Assigned,2024-06-05,Stale
1557,157,1.0,2022-08-05,Assigned,2022-11-22,Stale
1558,158,2.0,2022-03-23,Assigned,2022-12-05,Stale
1559,159,1.0,2023-11-05,Assigned,2023-12-29,Stale
1560,160,5.0,2022-09-21,Assigned,2023-11-02,Stale
1561,161,2.0,2023-09-22,Assigned,2024-11-12,Stale
1562,162,2.0,2022-09-22,Assigned,2022-12-27,Stale
1563,163,2.0,2023-07-27,Assigned,2024-12-03,Warm
1564,164,3.0,2024-04-13,Assigned,2024-05-15,Stale
1565,165,1.0,2022-03-03,Assigned,2024-12-02,Warm
1566,166,5.0,2022-07-01,Assigned,2023-10-19,Stale
1567,167,1.0,2023-10-26,Assigned,2023-11-19,Stale
1568,168,6.0,2023-03-27,Assigned,2024-07-10,Stale
1569,169,5.0,2022-08-11,Assigned,2023-12-29,Stale
1570,170,6.0,2022-04-22,Assigned,2023-03-20,Stale
1571,171,4.0,2022-12-19,Assigned,2023-10-09,Stale
1572,172,5.0,2022-12-11,Assigned,2023-07-28,Stale
1573,173,5.0,2022-09-03,Assigned,2023-05-05,Stale
1574,174,3.0,2023-08-02,Assigned,2023-08-04,Stale
1575,175,1.0,2023-10-30,Assigned,2024-03-07,Stale
1576,176,6.0,2023-01-18,Assigned,2023-01-25,Stale
1577,177,,,Unassigned,,No Coverage
1578,178,4.0,2022-09-29,Assigned,2023-02-05,Stale
1579,179,4.0,2023-10-14,Assigned,2023-12-01,Stale
1580,180,,,Unassigned,,No Coverage
1581,181,6.0,2022-07-15,Assigned,2024-06-06,Stale
1582,182,5.0,2022-12-08,Assigned,2023-05-26,Stale
1583,183,1.0,2022-06-13,Assigned,2024-02-02,Stale
1584,184,1.0,2022-11-27,Assigned,2023-10-13,Stale
1585,185,2.0,2023-08-25,Assigned,2024-04-22,Stale
1586,186,6.0,2024-06-26,Assigned,2024-11-16,Stale
1587,187,2.0,2022-10-21,Assigned,2024-04-13,Stale
1588,188,,,Unassigned,,No Coverage
1589,189,2.0,2024-04-04,Assigned,2025-02-13,Active
1590,190,2.0,2024-04-05,Assigned,2024-08-20,Stale
1591,191,3.0,2024-06-18,Assigned,2024-12-25,Warm
1592,192,5.0,2023-03-03,Assigned,2023-06-13,Stale
1593,193,2.0,2023-08-22,Assigned,2025-01-15,Warm
1594,194,4.0,2024-03-13,Assigned,2024-05-26,Stale
1595,195,4.0,2022-01-26,Assigned,2022-01-28,Stale
1596,196,6.0,2023-03-08,Assigned,2024-10-10,Stale
1597,197,3.0,2023-09-06,Assigned,2023-12-11,Stale
1598,198,5.0,2022-04-07,Assigned,2025-01-01,Warm
1599,199,4.0,2022-12-04,Assigned,2025-02-15,Active
1600,200,6.0,2023-12-28,Assigned,2024-03-16,Stale
1601,201,3.0,2023-04-06,Assigned,2024-02-04,Stale
1602,202,4.0,2023-12-22,Assigned,2024-01-11,Stale
1603,203,2.0,2022-11-20,Assigned,2024-05-12,Stale
1604,204,3.0,2024-04-14,Assigned,2025-02-05,Active
1605,205,5.0,2022-05-18,Assigned,2024-01-18,Stale
1606,206,5.0,2022-05-22,Assigned,2024-04-04,Stale
1607,207,5.0,2023-02-01,Assigned,2024-10-04,Stale
1608,208,3.0,2022-12-15,Assigned,2024-04-16,Stale
1609,209,6.0,2024-04-09,Assigned,2024-08-18,Stale
1610,210,5.0,2024-06-06,Assigned,2024-11-16,Stale
1611,211,3.0,2024-05-09,Assigned,2024-05-19,Stale
1612,212,4.0,2022-10-19,Assigned,2024-07-26,Stale
1613,213,4.0,2024-02-25,Assigned,2024-11-07,Stale
1614,214,5.0,2023-02-18,Assigned,2023-03-12,Stale
1615,215,3.0,2023-05-07,Assigned,2024-09-07,Stale
1616,216,4.0,2023-04-15,Assigned,2023-07-26,Stale
1617,217,4.0,2024-04-30,Assigned,2024-12-08,Warm
1618,218,5.0,2023-03-06,Assigned,2024-10-14,Stale
1619,219,2.0,2023-12-28,Assigned,2024-12-01,Stale
1620,220,3.0,2022-10-12,Assigned,2025-02-15,Active
1621,221,5.0,2022-02-24,Assigned,2022-09-06,Stale
1622,222,5.0,2022-03-15,Assigned,2023-08-29,Stale
1623,223,3.0,2023-02-10,Assigned,2024-09-02,Stale
1624,224,3.0,2023-03-22,Assigned,2023-10-02,Stale
1625,225,3.0,2022-07-10,Assigned,2024-09-27,Stale
1626,226,2.0,2022-12-30,Assigned,2023-11-24,Stale
1627,227,,,Unassigned,,No Coverage
1628,228,6.0,2022-07-04,Assigned,2022-07-23,Stale
1629,229,4.0,2023-01-21,Assigned,2024-01-11,Stale
1630,230,4.0,2023-05-28,Assigned,2025-01-18,Warm
1631,231,4.0,2022-11-01,Assigned,2024-07-12,Stale
1632,232,4.0,2023-01-19,Assigned,2024-06-23,Stale
1633,233,3.0,2022-01-23,Assigned,2024-09-23,Stale
1634,234,2.0,2023-05-07,Assigned,2023-07-20,Stale
1635,235,4.0,2023-11-17,Assigned,2025-02-20,Active
1636,236,2.0,2024-04-20,Assigned,2025-01-18,Warm
1637,237,5.0,2023-12-30,Assigned,2024-05-02,Stale
1638,238,6.0,2023-08-01,Assigned,2024-03-04,Stale
1639,239,5.0,2023-04-10,Assigned,2023-10-12,Stale
1640,240,3.0,2024-01-30,Assigned,2024-02-03,Stale
1641,241,3.0,2022-05-28,Assigned,2025-01-10,Warm
1642,242,3.0,2024-06-26,Assigned,2024-07-23,Stale
1643,243,,,Unassigned,,No Coverage
1644,244,3.0,2023-05-02,Assigned,2024-11-22,Stale
1645,245,4.0,2023-05-19,Assigned,2023-09-28,Stale
1646,246,3.0,2023-01-31,Assigned,2024-10-03,Stale
1647,247,3.0,2023-10-27,Assigned,2024-04-30,Stale
1648,248,4.0,2023-03-17,Assigned,2024-01-05,Stale
1649,249,2.0,2022-05-03,Assigned,2024-06-30,Stale
1650,250,3.0,2022-07-02,Assigned,2022-08-23,Stale
1651,251,3.0,2024-03-17,Assigned,2025-02-22,Active
1652,252,2.0,2024-01-30,Assigned,2024-12-06,Warm
1653,253,6.0,2023-02-21,Assigned,2023-03-19,Stale
1654,254,5.0,2022-12-16,Assigned,2023-03-20,Stale
1655,255,5.0,2022-01-15,Assigned,2025-02-07,Active
1656,256,6.0,2023-08-22,Assigned,2025-01-11,Warm
1657,257,5.0,2023-04-28,Assigned,2025-02-09,Active
1658,258,2.0,2022-01-24,Assigned,2023-12-22,Stale
1659,259,5.0,2022-04-13,Assigned,2024-09-15,Stale
1660,260,6.0,2023-10-07,Assigned,2024-01-12,Stale
1661,261,5.0,2023-07-07,Assigned,2024-12-26,Warm
1662,262,6.0,2022-02-07,Assigned,2022-10-24,Stale
1663,263,5.0,2023-04-12,Assigned,2024-10-10,Stale
1664,264,,,Unassigned,,No Coverage
1665,265,5.0,2024-04-24,Assigned,2024-05-31,Stale
1666,266,2.0,2022-03-10,Assigned,2023-09-01,Stale
1667,267,5.0,2022-06-05,Assigned,2024-08-12,Stale
1668,268,2.0,2023-04-12,Assigned,2023-07-03,Stale
1669,269,6.0,2023-01-11,Assigned,2023-02-02,Stale
1670,270,3.0,2023-04-09,Assigned,2024-02-23,Stale
1671,271,5.0,2022-12-23,Assigned,2024-10-19,Stale
1672,272,6.0,2023-01-22,Assigned,2024-12-16,Warm
1673,273,6.0,2024-03-09,Assigned,2025-02-21,Active
1674,274,5.0,2024-06-16,Assigned,2024-10-27,Stale
1675,275,6.0,2023-10-07,Assigned,2023-12-13,Stale
1676,276,5.0,2022-02-17,Assigned,2024-06-23,Stale
1677,277,2.0,2023-09-08,Assigned,2024-08-30,Stale
1678,278,5.0,2022-06-22,Assigned,2023-10-31,Stale
1679,279,6.0,2022-07-11,Assigned,2024-11-27,Stale
1680,280,5.0,2022-08-23,Assigned,2024-11-02,Stale
1681,281,6.0,2022-09-04,Assigned,2024-12-17,Warm
1682,282,2.0,2024-02-08,Assigned,2025-02-26,Active
1683,283,3.0,2023-05-23,Assigned,2024-04-01,Stale
1684,284,6.0,2022-11-14,Assigned,2024-12-26,Warm
1685,285,3.0,2023-10-14,Assigned,2024-12-27,Warm
1686,286,3.0,2023-12-08,Assigned,2024-02-14,Stale
1687,287,6.0,2022-12-17,Assigned,2023-07-17,Stale
1688,288,5.0,2024-06-23,Assigned,2024-07-07,Stale
1689,289,,,Unassigned,,No Coverage
1690,290,3.0,2023-05-15,Assigned,2025-01-01,Warm
1691,291,3.0,2022-06-05,Assigned,2022-11-17,Stale
1692,292,2.0,2023-06-13,Assigned,2024-09-12,Stale
1693,293,5.0,2024-01-30,Assigned,2024-09-07,Stale
1694,294,3.0,2022-11-23,Assigned,2023-10-05,Stale
1695,295,2.0,2022-05-11,Assigned,2022-07-08,Stale
1696,296,2.0,2022-04-11,Assigned,2023-07-30,Stale
1697,297,6.0,2023-12-16,Assigned,2024-07-28,Stale
1698,298,5.0,2023-01-08,Assigned,2024-06-03,Stale
1699,299,2.0,2023-01-01,Assigned,2023-06-30,Stale
1700,300,3.0,2023-08-17,Assigned,2024-04-04,Stale
1701,301,2.0,2023-10-20,Assigned,2024-07-22,Stale
1702,302,2.0,2022-08-31,Assigned,2023-01-02,Stale
1703,303,5.0,2022-02-21,Assigned,2023-02-12,Stale
1704,304,5.0,2024-05-13,Assigned,2025-02-18,Active
1705,305,5.0,2022-05-18,Assigned,2023-01-16,Stale
1706,306,3.0,2024-05-06,Assigned,2024-10-18,Stale
1707,307,2.0,2024-01-11,Assigned,2024-01-14,Stale
1708,308,6.0,2023-03-28,Assigned,2023-12-25,Stale
1709,309,3.0,2023-02-27,Assigned,2023-08-02,Stale
1710,310,2.0,2022-02-07,Assigned,2022-05-29,Stale
1711,311,2.0,2024-03-19,Assigned,2024-11-23,Stale
1712,312,5.0,2023-10-25,Assigned,2024-11-02,Stale
1713,313,6.0,2022-08-31,Assigned,2023-12-07,Stale
1714,314,2.0,2022-10-21,Assigned,2023-11-06,Stale
1715,315,3.0,2022-02-28,Assigned,2023-10-24,Stale
1716,316,3.0,2023-08-12,Assigned,2024-02-19,Stale
1717,317,6.0,2023-02-18,Assigned,2025-02-21,Active
1718,318,6.0,2022-08-22,Assigned,2023-05-21,Stale
1719,319,2.0,2022-05-11,Assigned,2024-01-20,Stale
1720,320,2.0,2022-06-22,Assigned,2023-01-09,Stale
1721,321,2.0,2023-05-19,Assigned,2024-07-19,Stale
1722,322,2.0,2022-12-14,Assigned,2024-12-08,Warm
1723,323,3.0,2024-02-01,Assigned,2025-01-09,Warm
1724,324,6.0,2022-04-05,Assigned,2022-09-03,Stale
1725,325,5.0,2023-08-03,Assigned,2024-06-24,Stale
1726,326,2.0,2022-04-28,Assigned,2023-07-01,Stale
1727,327,6.0,2023-10-05,Assigned,2024-05-02,Stale
1728,328,2.0,2022-07-23,Assigned,2022-11-11,Stale
1729,329,5.0,2022-11-14,Assigned,2024-10-22,Stale
1730,330,3.0,2023-06-16,Assigned,2024-02-21,Stale
1731,331,2.0,2023-08-04,Assigned,2023-11-28,Stale
1732,332,,,Unassigned,,No Coverage
1733,333,6.0,2023-05-19,Assigned,2023-08-09,Stale
1734,334,3.0,2024-05-04,Assigned,2024-08-03,Stale
1735,335,,,Unassigned,,No Coverage
1736,336,5.0,2023-07-02,Assigned,2023-11-06,Stale
1737,337,5.0,2022-09-15,Assigned,2023-05-03,Stale
1738,338,3.0,2023-01-22,Assigned,2023-09-10,Stale
1739,339,6.0,2024-01-21,Assigned,2024-02-01,Stale
1740,340,6.0,2022-12-16,Assigned,2023-12-02,Stale
1741,341,6.0,2022-08-09,Assigned,2024-12-27,Warm
1742,342,5.0,2022-12-04,Assigned,2025-01-12,Warm
1743,343,6.0,2022-05-30,Assigned,2024-12-15,Warm
1744,344,3.0,2022-04-18,Assigned,2024-06-17,Stale
1745,345,6.0,2022-09-16,Assigned,2024-04-16,Stale
1746,346,5.0,2024-04-11,Assigned,2024-06-03,Stale
1747,347,3.0,2023-08-31,Assigned,2023-12-31,Stale
1748,348,3.0,2023-03-14,Assigned,2024-01-25,Stale
1749,349,2.0,2024-05-22,Assigned,2024-05-29,Stale
1750,350,6.0,2022-12-19,Assigned,2024-07-29,Stale
1751,351,5.0,2022-08-16,Assigned,2023-08-05,Stale
1752,352,5.0,2024-06-13,Assigned,2024-09-22,Stale
1753,353,5.0,2024-04-11,Assigned,2025-02-19,Active
1754,354,2.0,2022-11-20,Assigned,2023-08-11,Stale
1755,355,6.0,2022-01-03,Assigned,2024-10-30,Stale
1756,356,6.0,2023-04-04,Assigned,2023-09-19,Stale
1757,357,5.0,2022-09-19,Assigned,2024-06-29,Stale
1758,358,5.0,2022-06-12,Assigned,2024-04-21,Stale
1759,359,6.0,2024-03-16,Assigned,2024-05-29,Stale
1760,360,5.0,2022-12-21,Assigned,2024-08-21,Stale
1761,361,6.0,2022-07-21,Assigned,2023-07-23,Stale
1762,362,2.0,2023-04-14,Assigned,2023-08-13,Stale
1763,363,6.0,2022-12-03,Assigned,2023-05-31,Stale
1764,364,2.0,2024-04-28,Assigned,2024-12-14,Warm
1765,365,5.0,2023-12-10,Assigned,2024-08-05,Stale
1766,366,6.0,2023-03-22,Assigned,2023-12-06,Stale
1767,367,6.0,2024-05-04,Assigned,2024-09-14,Stale
1768,368,2.0,2022-11-28,Assigned,2022-12-02,Stale
1769,369,5.0,2022-04-17,Assigned,2024-04-22,Stale
1770,370,5.0,2023-10-27,Assigned,2024-03-08,Stale
1771,371,6.0,2023-03-25,Assigned,2023-07-17,Stale
1772,372,6.0,2023-01-08,Assigned,2023-11-09,Stale
1773,373,2.0,2024-03-27,Assigned,2025-02-23,Active
1774,374,2.0,2023-02-06,Assigned,2024-07-24,Stale
1775,375,2.0,2022-02-06,Assigned,2024-07-31,Stale
1776,376,6.0,2023-10-26,Assigned,2024-04-07,Stale
1777,377,5.0,2022-09-03,Assigned,2022-09-30,Stale
1778,378,,,Unassigned,,No Coverage
1779,379,5.0,2023-03-22,Assigned,2024-04-13,Stale
1780,380,6.0,2022-03-10,Assigned,2022-09-24,Stale
1781,381,6.0,2024-03-21,Assigned,2024-06-04,Stale
1782,382,,,Unassigned,,No Coverage
1783,383,3.0,2022-01-02,Assigned,2024-09-26,Stale
1784,384,3.0,2023-08-29,Assigned,2024-09-09,Stale
1785,385,3.0,2022-08-16,Assigned,2024-05-16,Stale
1786,386,5.0,2023-10-16,Assigned,2024-05-03,Stale
1787,387,6.0,2024-04-08,Assigned,2024-11-08,Stale
1788,388,6.0,2022-09-07,Assigned,2024-03-25,Stale
1789,389,3.0,2024-04-03,Assigned,2024-09-05,Stale
1790,390,3.0,2022-02-02,Assigned,2022-09-25,Stale
1791,391,5.0,2023-08-25,Assigned,2023-12-18,Stale
1792,392,6.0,2022-05-30,Assigned,2023-06-04,Stale
1793,393,5.0,2022-06-18,Assigned,2022-11-08,Stale
1794,394,2.0,2023-08-25,Assigned,2024-04-12,Stale
1795,395,5.0,2023-03-01,Assigned,2024-08-15,Stale
1796,396,5.0,2023-08-07,Assigned,2023-08-12,Stale
1797,397,5.0,2022-03-11,Assigned,2022-09-06,Stale
1798,398,2.0,2024-01-07,Assigned,2024-08-09,Stale
1799,399,,,Unassigned,,No Coverage
1800,400,3.0,2024-04-15,Assigned,2025-02-21,Active
1801,401,2.0,2024-03-20,Assigned,2024-11-14,Stale
1802,402,2.0,2024-05-19,Assigned,2024-09-09,Stale
1803,403,3.0,2022-04-09,Assigned,2023-09-25,Stale
1804,404,3.0,2022-12-23,Assigned,2023-01-19,Stale
1805,405,3.0,2022-11-01,Assigned,2023-12-13,Stale
1806,406,5.0,2023-10-08,Assigned,2024-06-25,Stale
1807,407,6.0,2024-03-04,Assigned,2024-05-07,Stale
1808,408,5.0,2023-03-03,Assigned,2023-10-06,Stale
1809,409,6.0,2023-10-04,Assigned,2024-10-15,Stale
1810,410,,,Unassigned,,No Coverage
1811,411,3.0,2023-04-16,Assigned,2025-01-22,Warm
1812,412,6.0,2023-04-01,Assigned,2024-02-12,Stale
1813,413,5.0,2023-05-04,Assigned,2024-09-20,Stale
1814,414,3.0,2023-06-15,Assigned,2024-03-30,Stale
1815,415,6.0,2022-04-27,Assigned,2022-05-07,Stale
1816,416,5.0,2024-02-19,Assigned,2024-11-20,Stale
1817,417,3.0,2022-01-17,Assigned,2023-10-16,Stale
1818,418,6.0,2022-10-18,Assigned,2023-10-28,Stale
1819,419,3.0,2023-08-15,Assigned,2024-09-28,Stale
1820,420,6.0,2023-08-14,Assigned,2024-11-07,Stale
1821,421,6.0,2023-08-31,Assigned,2024-05-24,Stale
1822,422,6.0,2023-12-16,Assigned,2024-05-19,Stale
1823,423,3.0,2022-12-08,Assigned,2023-02-02,Stale
1824,424,3.0,2023-07-24,Assigned,2024-01-25,Stale
1825,425,5.0,2022-04-01,Assigned,2024-03-03,Stale
1826,426,,,Unassigned,,No Coverage
1827,427,3.0,2022-11-20,Assigned,2025-02-09,Active
1828,428,5.0,2022-10-20,Assigned,2024-07-03,Stale
1829,429,5.0,2022-04-15,Assigned,2023-04-19,Stale
1830,430,3.0,2024-04-12,Assigned,2024-07-15,Stale
1831,431,3.0,2023-05-15,Assigned,2024-01-30,Stale
1832,432,6.0,2022-11-29,Assigned,2024-11-09,Stale
1833,433,5.0,2022-09-01,Assigned,2022-10-10,Stale
1834,434,,,Unassigned,,No Coverage
1835,435,5.0,2022-07-30,Assigned,2024-05-19,Stale
1836,436,5.0,2022-10-01,Assigned,2024-12-24,Warm
1837,437,,,Unassigned,,No Coverage
1838,438,3.0,2023-07-13,Assigned,2024-04-06,Stale
1839,439,,,Unassigned,,No Coverage
1840,440,3.0,2022-09-16,Assigned,2023-04-04,Stale
1841,441,3.0,2022-01-02,Assigned,2022-02-10,Stale
1842,442,6.0,2024-02-01,Assigned,2025-02-12,Active
1843,443,5.0,2023-09-08,Assigned,2024-10-06,Stale
1844,444,5.0,2022-08-01,Assigned,2024-11-10,Stale
1845,445,6.0,2022-04-05,Assigned,2024-11-22,Stale
1846,446,6.0,2023-03-29,Assigned,2023-11-23,Stale
1847,447,5.0,2023-08-16,Assigned,2023-09-29,Stale
1848,448,6.0,2024-01-30,Assigned,2024-04-28,Stale
1849,449,5.0,2022-05-10,Assigned,2025-02-10,Active
1850,450,3.0,2022-01-11,Assigned,2023-06-07,Stale
1851,451,3.0,2022-07-17,Assigned,2022-08-12,Stale
1852,452,3.0,2024-05-28,Assigned,2024-08-11,Stale
1853,453,6.0,2022-02-09,Assigned,2023-02-22,Stale
1854,454,3.0,2023-08-04,Assigned,2024-06-10,Stale
1855,455,3.0,2023-10-03,Assigned,2025-01-23,Warm
1856,456,5.0,2023-09-27,Assigned,2024-08-16,Stale
1857,457,5.0,2023-09-06,Assigned,2024-12-22,Warm
1858,458,5.0,2022-07-16,Assigned,2024-12-10,Warm
1859,459,6.0,2022-11-18,Assigned,2024-07-12,Stale
1860,460,3.0,2023-04-26,Assigned,2024-11-23,Stale
1861,461,3.0,2024-02-11,Assigned,2025-02-12,Active
1862,462,5.0,2024-05-30,Assigned,2024-10-13,Stale
1863,463,3.0,2024-01-22,Assigned,2024-04-03,Stale
1864,464,5.0,2023-09-15,Assigned,2024-11-27,Stale
1865,465,5.0,2024-04-12,Assigned,2024-04-18,Stale
1866,466,6.0,2023-09-07,Assigned,2023-09-23,Stale
1867,467,6.0,2024-02-03,Assigned,2024-11-28,Stale
1868,468,3.0,2024-01-16,Assigned,2024-04-29,Stale
1869,469,3.0,2022-09-27,Assigned,2024-11-19,Stale
1870,470,5.0,2022-10-01,Assigned,2024-03-25,Stale
1871,471,6.0,2022-03-24,Assigned,2023-12-20,Stale
1872,472,,,Unassigned,,No Coverage
1873,473,5.0,2023-06-14,Assigned,2024-02-24,Stale
1874,474,3.0,2023-05-19,Assigned,2023-10-22,Stale
1875,475,6.0,2022-01-29,Assigned,2024-02-15,Stale
1876,476,5.0,2022-08-11,Assigned,2023-05-28,Stale
1877,477,6.0,2023-01-21,Assigned,2024-03-21,Stale
1878,478,5.0,2022-07-14,Assigned,2024-07-04,Stale
1879,479,3.0,2024-02-03,Assigned,2024-08-01,Stale
1880,480,3.0,2023-10-21,Assigned,2024-12-25,Warm
1881,481,3.0,2022-05-28,Assigned,2024-11-22,Stale
1882,482,6.0,2022-05-08,Assigned,2022-11-10,Stale
1883,483,3.0,2023-11-24,Assigned,2025-01-17,Warm
1884,484,5.0,2022-11-20,Assigned,2023-06-29,Stale
1885,485,3.0,2022-10-21,Assigned,2022-12-06,Stale
1886,486,6.0,2022-06-09,Assigned,2022-08-16,Stale
1887,487,5.0,2022-03-19,Assigned,2022-04-08,Stale
1888,488,3.0,2023-03-31,Assigned,2023-05-26,Stale
1889,489,5.0,2022-07-25,Assigned,2022-08-30,Stale
1890,490,3.0,2024-02-16,Assigned,2024-04-20,Stale
1891,491,6.0,2024-03-28,Assigned,2024-10-14,Stale
1892,492,6.0,2023-09-12,Assigned,2024-03-01,Stale
1893,493,3.0,2023-10-20,Assigned,2024-07-29,Stale
1894,494,5.0,2023-07-04,Assigned,2023-11-08,Stale
1895,495,5.0,2022-09-02,Assigned,2024-06-26,Stale
1896,496,6.0,2022-05-29,Assigned,2022-09-06,Stale
1897,497,,,Unassigned,,No Coverage
1898,498,3.0,2024-05-15,Assigned,2024-11-16,Stale
1899,499,3.0,2022-09-01,Assigned,2024-10-21,Stale
1900,500,5.0,2022-04-05,Assigned,2023-05-17,Stale
1901,501,6.0,2023-10-04,Assigned,2024-03-16,Stale
1902,502,6.0,2023-06-12,Assigned,2023-07-24,Stale
1903,503,5.0,2022-08-03,Assigned,2023-03-21,Stale
1904,504,5.0,2024-03-09,Assigned,2024-10-06,Stale
1905,505,6.0,2023-11-01,Assigned,2023-12-08,Stale
1906,506,3.0,2024-01-04,Assigned,2024-02-03,Stale
1907,507,5.0,2022-10-09,Assigned,2023-06-27,Stale
1908,508,5.0,2023-07-15,Assigned,2023-10-05,Stale
1909,509,5.0,2022-11-11,Assigned,2023-06-14,Stale
1910,510,6.0,2022-04-25,Assigned,2025-02-28,Active
1911,511,,,Unassigned,,No Coverage
1912,512,3.0,2022-03-13,Assigned,2024-06-30,Stale
1913,513,5.0,2022-03-23,Assigned,2024-12-25,Warm
1914,514,5.0,2023-08-27,Assigned,2023-12-13,Stale
1915,515,5.0,2022-07-10,Assigned,2023-08-31,Stale
1916,516,6.0,2023-11-19,Assigned,2024-11-06,Stale
1917,517,6.0,2024-01-31,Assigned,2024-05-20,Stale
1918,518,5.0,2022-01-17,Assigned,2024-05-20,Stale
1919,519,5.0,2024-02-03,Assigned,2024-03-22,Stale
1920,520,3.0,2024-03-14,Assigned,2024-06-19,Stale
1921,521,3.0,2022-07-15,Assigned,2023-10-23,Stale
1922,522,3.0,2024-02-26,Assigned,2024-10-04,Stale
1923,523,6.0,2023-08-25,Assigned,2024-06-10,Stale
1924,524,6.0,2024-06-08,Assigned,2025-01-04,Warm
1925,525,3.0,2022-01-26,Assigned,2022-04-22,Stale
1926,526,3.0,2023-01-01,Assigned,2023-06-07,Stale
1927,527,3.0,2024-05-11,Assigned,2024-10-27,Stale
1928,528,5.0,2024-06-12,Assigned,2024-09-16,Stale
1929,529,3.0,2023-06-02,Assigned,2024-12-18,Warm
1930,530,6.0,2023-04-14,Assigned,2023-07-21,Stale
1931,531,3.0,2023-04-06,Assigned,2024-06-05,Stale
1932,532,5.0,2022-02-26,Assigned,2022-11-08,Stale
1933,533,6.0,2023-12-30,Assigned,2024-04-08,Stale
1934,534,3.0,2023-05-14,Assigned,2024-08-05,Stale
1935,535,5.0,2023-12-30,Assigned,2024-11-03,Stale
1936,536,5.0,2023-04-12,Assigned,2024-03-25,Stale
1937,537,3.0,2023-05-12,Assigned,2023-06-06,Stale
1938,538,6.0,2023-10-14,Assigned,2023-12-31,Stale
1939,539,6.0,2022-09-06,Assigned,2023-08-08,Stale
1940,540,6.0,2023-06-02,Assigned,2024-07-18,Stale
1941,541,3.0,2023-07-23,Assigned,2024-12-13,Warm
1942,542,6.0,2023-01-06,Assigned,2023-02-26,Stale
1943,543,6.0,2023-11-25,Assigned,2024-08-27,Stale
1944,544,3.0,2023-08-31,Assigned,2024-01-07,Stale
1945,545,6.0,2023-01-06,Assigned,2024-09-26,Stale
1946,546,6.0,2022-04-24,Assigned,2022-08-15,Stale
1947,547,3.0,2023-09-23,Assigned,2025-02-25,Active
1948,548,3.0,2024-03-26,Assigned,2024-10-15,Stale
1949,549,3.0,2023-02-07,Assigned,2023-03-13,Stale
1950,550,3.0,2024-02-21,Assigned,2024-06-11,Stale
1951,551,6.0,2023-06-09,Assigned,2024-06-03,Stale
1952,552,6.0,2022-07-22,Assigned,2024-03-08,Stale
1953,553,3.0,2022-05-22,Assigned,2022-11-12,Stale
1954,554,3.0,2022-01-11,Assigned,2024-12-30,Warm
1955,555,6.0,2023-03-26,Assigned,2024-09-02,Stale
1956,556,3.0,2023-03-30,Assigned,2024-06-29,Stale
1957,557,6.0,2024-02-12,Assigned,2024-10-30,Stale
1958,558,3.0,2023-10-27,Assigned,2024-10-07,Stale
1959,559,6.0,2023-03-23,Assigned,2024-02-26,Stale
1960,560,3.0,2023-07-01,Assigned,2023-10-13,Stale
1961,561,3.0,2024-03-05,Assigned,2024-07-19,Stale
1962,562,6.0,2023-12-09,Assigned,2024-03-23,Stale
1963,563,3.0,2022-10-24,Assigned,2024-08-17,Stale
1964,564,6.0,2022-02-20,Assigned,2024-06-03,Stale
1965,565,,,Unassigned,,No Coverage
1966,566,6.0,2022-04-29,Assigned,2023-03-27,Stale
1967,567,6.0,2022-08-25,Assigned,2023-06-07,Stale
1968,568,6.0,2022-09-19,Assigned,2023-09-25,Stale
1969,569,6.0,2023-06-03,Assigned,2024-03-22,Stale
1970,570,3.0,2023-02-28,Assigned,2024-10-18,Stale
1971,571,,,Unassigned,,No Coverage
1972,572,6.0,2023-02-13,Assigned,2025-01-28,Warm
1973,573,6.0,2023-06-25,Assigned,2023-12-11,Stale
1974,574,6.0,2022-10-04,Assigned,2024-11-08,Stale
1975,575,6.0,2024-01-24,Assigned,2024-09-11,Stale
1976,576,6.0,2023-06-16,Assigned,2024-02-10,Stale
1977,577,6.0,2022-08-02,Assigned,2023-04-09,Stale
1978,578,,,Unassigned,,No Coverage
1979,579,,,Unassigned,,No Coverage
1980,580,,,Unassigned,,No Coverage
1981,581,,,Unassigned,,No Coverage
1982,582,,,Unassigned,,No Coverage
1983,583,,,Unassigned,,No Coverage
1984,584,,,Unassigned,,No Coverage
1985,585,,,Unassigned,,No Coverage
1986,586,,,Unassigned,,No Coverage
1987,587,,,Unassigned,,No Coverage
1988,588,,,Unassigned,,No Coverage
1989,589,,,Unassigned,,No Coverage
1990,590,,,Unassigned,,No Coverage
1991,591,,,Unassigned,,No Coverage
1992,592,,,Unassigned,,No Coverage
1993,593,,,Unassigned,,No Coverage
1994,594,,,Unassigned,,No Coverage
1995,595,,,Unassigned,,No Coverage
1996,596,,,Unassigned,,No Coverage
1997,597,,,Unassigned,,No Coverage
1998,598,,,Unassigned,,No Coverage
1999,599,,,Unassigned,,No Coverage
2000,600,,,Unassigned,,No Coverage
